Date,Open,High,Low,Close,Adj Close,Volume,MACD,RSI,EMA,MA,SMA,STD,Upper,Lower
2021-06-23,25.530000686645508,25.530000686645508,25.48600006103516,25.48600006103516,24.9952335357666,900,0.1102451873807162,71.3682288720577,25.19725852132057,25.137700080871586,25.137700080871586,25.137700080871586,75.47265868306374,-25.07814164042259
2021-06-24,25.625,25.625,25.625,25.625,25.13155746459961,100,0.1302434910787546,69.82206215948983,25.237995805004328,25.169700050354,25.169700050354,25.169700050354,75.57739590571234,-25.10140429570368
2021-06-25,25.700000762939453,25.700000762939453,25.687000274658203,25.687000274658203,25.19236183166504,25000,0.1493733122840979,70.53345244363474,25.280758135447552,25.20480003356933,25.20480003356933,25.20480003356933,75.69035820258622,-25.12884193169112
2021-06-28,25.79899978637696,25.79899978637696,25.79899978637696,25.79899978637696,25.302207946777344,100,0.1715932379549194,72.20589055925754,25.33011448315512,25.24315004348755,25.24315004348755,25.24315004348755,75.8164145701302,-25.156185603819985
2021-06-29,25.83300018310547,25.83300018310547,25.83300018310547,25.83300018310547,25.33555221557617,100,0.1897588154935334,73.8067429901148,25.37800835934086,25.28735008239746,25.28735008239746,25.28735008239746,75.95270852413577,-25.19669180545406
2021-06-30,25.827999114990234,25.827999114990234,25.827999114990234,25.827999114990234,25.33064651489257,50000,0.2014296663593988,70.8145433012875,25.420864621783657,25.33210000991821,25.33210000991821,25.33210000991821,76.08506464162008,-25.24333539805277
2021-07-01,25.891000747680664,25.891000747680664,25.891000747680664,25.891000747680664,25.39243698120117,100,0.2133037718807884,70.33894511725096,25.465639490916704,25.387800025939946,25.387800025939946,25.387800025939946,76.24123954279659,-25.30996056096318
2021-07-02,26.13999938964844,26.13999938964844,26.13999938964844,26.13999938964844,25.63664054870605,50000,0.2400391733222591,73.07685362418319,25.52986424317687,25.444750022888183,25.444750022888183,25.444750022888183,76.41936428895323,-25.35963580259949
2021-07-06,26.11000061035156,26.201000213623047,26.11000061035156,26.201000213623047,25.696468353271484,400,0.2631163863547527,77.23473641016793,25.593781954647937,25.503550052642822,25.503550052642822,25.503550052642822,76.60088205993358,-25.413318150637707
2021-07-07,26.25,26.34199905395508,26.239999771118164,26.34199905395508,25.83475112915039,6400,0.2894461173171834,83.3526391428886,25.665040726010524,25.56864995956421,25.56864995956421,25.56864995956421,76.80234064513894,-25.472259193117893
2021-07-08,26.15999984741211,26.15999984741211,26.059999465942383,26.08699989318848,25.58466148376465,16300,0.2864344792657149,71.13952385353447,25.70522731336081,25.62224998474121,25.62224998474121,25.62224998474121,76.94972728284323,-25.53927265612161
2021-07-09,26.340999603271484,26.340999603271484,26.340999603271484,26.340999603271484,25.833770751953125,1900,0.3010728083287013,83.72827867576395,25.765777055257065,25.680349922180177,25.680349922180177,25.680349922180177,77.12647689961742,-25.59492278910329
2021-07-12,26.424999237060547,26.424999237060547,26.424999237060547,26.424999237060547,25.91615295410156,1900,0.3158113809928053,81.715960570896,25.82856012019073,25.73824987411499,25.73824987411499,25.73824987411499,77.30505986842071,-25.647939628039254
2021-07-13,26.489999771118164,26.489999771118164,26.33099937438965,26.33099937438965,25.823959350585938,800,0.316261141117792,74.84394142698804,25.876411477733484,25.786799812316893,25.786799812316893,25.786799812316893,77.45001110236727,-25.697188146900302
2021-07-14,26.44499969482422,26.44499969482422,26.42200088500977,26.42200088500977,25.91321182250977,100,0.3202687814803688,78.46716090633811,25.92837237366456,25.843549823760988,25.843549823760988,25.843549823760988,77.61547202118653,-25.758727273857417
2021-07-15,26.347000122070312,26.347000122070312,26.347000122070312,26.347000122070312,25.83965492248535,200,0.3137759171256213,72.84807865027466,25.96824168303653,25.90129985809326,25.90129985809326,25.90129985809326,77.77084139922306,-25.834358033149982
2021-07-16,26.20800018310547,26.20800018310547,26.20800018310547,26.20800018310547,25.703330993652344,100,0.2940248069915014,65.72116591040412,25.991075825900243,25.94704990386963,25.94704990386963,25.94704990386963,77.8851756336395,-25.903023981839016
2021-07-19,25.799999237060547,25.799999237060547,25.698999404907227,25.77400016784668,25.27769088745117,1300,0.2405784966151678,49.36837813847184,25.970401953704663,25.982749938964844,25.982749938964844,25.982749938964844,77.93590183163435,-25.99509792422502
2021-07-20,26.15999984741211,26.209999084472656,26.15999984741211,26.19599914550781,25.69156074523925,400,0.2296267075398326,57.66791029742375,25.99188740054306,26.024899864196776,26.024899864196776,26.024899864196776,78.04168712893662,-26.05791232785049
2021-07-21,26.395000457763672,26.395000457763672,26.395000457763672,26.395000457763672,25.8867301940918,100,0.2343041659936489,61.06991722660721,26.03027912027836,26.067899894714355,26.067899894714355,26.067899894714355,78.16607890970707,-26.10552066915035
2021-07-22,26.474000930786133,26.474000930786133,26.474000930786133,26.474000930786133,25.96420860290528,100,0.2416007405106093,61.31160766492236,26.07253834032672,26.117299938201903,26.117299938201903,26.117299938201903,78.30713821673052,-26.16206153607709
2021-07-23,26.73900032043457,26.73900032043457,26.73900032043457,26.73900032043457,26.22410774230957,100,0.2657036976054172,61.55034391851576,26.1360109098608,26.172999954223634,26.172999954223634,26.172999954223634,78.48201081830807,-26.20998899858647
2021-07-26,26.7549991607666,26.7549991607666,26.7549991607666,26.7549991607666,26.239795684814453,100,0.2828360792007061,60.8712576307092,26.194962171851827,26.226399898529053,26.226399898529053,26.226399898529053,78.64776196890993,-26.25783762520628
2021-07-27,26.61000061035156,26.64900016784668,26.5,26.64900016784668,26.13583946228028,27000,0.2845799219931386,56.10826277859783,26.238203885756096,26.26889991760254,26.26889991760254,26.26889991760254,78.77600372096117,-26.29959594944898
2021-07-28,26.64999961853028,26.670000076293945,26.64999961853028,26.670000076293945,26.156435012817383,200,0.2843783109289504,62.79070545975559,26.279327332473983,26.31074991226196,26.31074991226196,26.31074991226196,78.9008271569979,-26.342172492049936
2021-07-29,26.809999465942383,26.809999465942383,26.78700065612793,26.78700065612793,26.271181106567383,100,0.2903129546582512,60.41085461142893,26.327677172821986,26.358699989318847,26.358699989318847,26.358699989318847,79.04507715145968,-26.389722805815712
2021-07-30,26.59000015258789,26.670000076293945,26.59000015258789,26.63500022888184,26.122108459472656,300,0.2795288043563531,54.75115152885583,26.356946035303874,26.395899963378906,26.395899963378906,26.395899963378906,79.14874596206168,-26.434853891453937
2021-08-02,26.53300094604492,26.53300094604492,26.53300094604492,26.53300094604492,26.022071838378903,200,0.259757475382333,54.55368652240866,26.373713169660164,26.41555004119873,26.41555004119873,26.41555004119873,79.20481325205762,-26.4573869127373
2021-08-03,26.68000030517578,26.69799995422364,26.68000030517578,26.69799995422364,26.183895111083984,100,0.2544692328171472,56.02092759474966,26.40459762533288,26.44040002822876,26.44040002822876,26.44040002822876,79.28539768179039,-26.47620243112464
2021-08-04,26.690000534057617,26.690000534057617,26.645999908447266,26.68099975585937,26.167224884033203,1600,0.2460699473730017,57.47538117135576,26.43092163776397,26.45735006332397,26.45735006332397,26.45735006332397,79.34562176441192,-26.48377848888398
2021-08-05,26.81599998474121,26.81599998474121,26.81599998474121,26.81599998474121,26.299623489379883,1500,0.2474543437321514,63.632297006143546,26.46759576604752,26.49380006790161,26.49380006790161,26.49380006790161,79.45519590185074,-26.520004369755704
2021-08-06,26.8799991607666,26.8799991607666,26.85300064086914,26.85300064086914,26.335912704467773,600,0.2486706115253696,79.43266470277857,26.504300992221005,26.51940011978149,26.51940011978149,26.51940011978149,79.543101231784,-26.534499247341984
2021-08-09,26.850000381469727,26.86000061035156,26.82999992370605,26.82999992370605,26.3133544921875,400,0.2449548597204298,72.10602410920514,26.53531993807672,26.53965015411377,26.53965015411377,26.53965015411377,79.61462024630426,-26.543980370150816
2021-08-10,26.82099914550781,26.82099914550781,26.82099914550781,26.82099914550781,26.30452537536621,100,0.2385341389945274,67.1221408924059,26.562527481641588,26.56415014266968,26.56415014266968,26.56415014266968,79.69082776698095,-26.56577280369777
2021-08-11,26.92300033569336,26.92300033569336,26.92300033569336,26.92300033569336,26.40456199645996,100,0.2389221691073366,67.71899505173275,26.59685822964652,26.58920011520386,26.58920011520386,26.58920011520386,79.77525846005423,-26.5815420007612
2021-08-12,27.027000427246094,27.027000427246094,27.027000427246094,27.027000427246094,26.50655937194824,100,0.2447997251417142,63.019885731629294,26.63782415322743,26.62320013046265,26.62320013046265,26.62320013046265,79.88422441415273,-26.60857610769786
2021-08-13,27.0629997253418,27.0629997253418,27.0629997253418,27.0629997253418,26.541866302490234,100,0.2494866463826532,63.67674036883236,26.67831706485737,26.665950107574464,26.665950107574464,26.665950107574464,80.0102172800063,-26.653583150291556
2021-08-16,27.06999969482422,27.141000747680664,27.06999969482422,27.141000747680664,26.61836624145508,500,0.2565378867849759,72.40432886896934,26.72238217750721,26.73430013656616,26.73430013656616,26.73430013656616,80.19098245063954,-26.74621809562511
2021-08-17,26.989999771118164,27.01000022888184,26.975000381469727,26.975000381469727,26.45556259155273,3200,0.2458966597467835,62.26867906925322,26.74644105407507,26.77325019836426,26.77325019836426,26.77325019836426,80.2929414508036,-26.800059342653448
2021-08-18,26.70499992370605,26.70499992370605,26.70499992370605,26.70499992370605,26.190763473510746,100,0.2132187768639433,47.06301884936354,26.74249427975421,26.788750171661377,26.788750171661377,26.788750171661377,80.31999462307697,-26.835006063568542
2021-08-19,26.809999465942383,26.809999465942383,26.742000579833984,26.742000579833984,26.227048873901367,100,0.1881382226512542,54.1764254818606,26.74244726071419,26.802150154113768,26.802150154113768,26.802150154113768,80.34674756894172,-26.861853047513343
2021-08-20,26.989999771118164,27.01499938964844,26.989999771118164,27.01499938964844,26.49478912353516,100,0.1881218732943033,66.59770278009822,26.76840460632697,26.815950107574466,26.815950107574466,26.815950107574466,80.4003048214759,-26.86349560882195
2021-08-23,27.209999084472656,27.209999084472656,27.18199920654297,27.18199920654297,26.6585750579834,400,0.1992871476723934,66.64366661113364,26.807794568252305,26.83730010986328,26.83730010986328,26.83730010986328,80.48239478797888,-26.86680565147426
2021-08-24,27.270000457763672,27.270000457763672,27.249000549316406,27.249000549316406,26.72428703308105,100,0.211108627618092,68.88293690046811,26.849814185496506,26.86730012893677,26.86730012893677,26.86730012893677,80.58441444337004,-26.884786072377032
2021-08-25,27.30299949645996,27.30299949645996,27.30299949645996,27.30299949645996,26.777244567871094,100,0.2222722828734014,67.11166870402522,26.89297469130255,26.89895009994507,26.89895009994507,26.89895009994507,80.69087489119269,-26.90492550858759
2021-08-26,27.290000915527344,27.290000915527344,27.177000045776367,27.177000045776367,26.65367317199707,25000,0.2184344807211999,60.71424516698719,26.92002472506196,26.91845006942749,26.91845006942749,26.91845006942749,80.75692486391694,-26.916875413793026
2021-08-27,27.358999252319336,27.358999252319336,27.358999252319336,27.358999252319336,26.83216667175293,0,0.2274568290643976,65.8288113267419,26.96183182289599,26.954650020599367,26.954650020599367,26.954650020599367,80.87113186409472,-26.947468218302745
2021-08-30,27.584999084472656,27.600000381469727,27.55500030517578,27.55500030517578,27.024394989013672,1100,0.2475689315091322,69.75243499827536,27.01832405930359,27.00574998855591,27.00574998855591,27.00574998855591,81.0298240364154,-26.993175917808227
2021-08-31,27.5,27.5,27.43000030517578,27.448999404907227,26.9204330444336,300,0.2520490660924537,64.12456144843654,27.05934075888489,27.04329996109009,27.04329996109009,27.04329996109009,81.14594068106507,-27.027259163295287
2021-09-01,27.49300003051757,27.49300003051757,27.49300003051757,27.49300003051757,26.963586807250977,0,0.2561968104318666,62.93005266901484,27.10064164189753,27.083899974823,27.083899974823,27.083899974823,81.26844159154352,-27.067158307748468
2021-09-02,27.57999992370605,27.57999992370605,27.575000762939453,27.575000762939453,27.044008255004883,200,0.2630682148746679,63.85281653362716,27.145818701044377,27.12185001373291,27.12185001373291,27.12185001373291,81.3895187285102,-27.097881326421444
2021-09-03,27.65699958801269,27.65699958801269,27.65699958801269,27.65699958801269,27.12442970275879,100,0.2719950822943886,63.93084526798632,27.19450259504136,27.162049961090087,27.162049961090087,27.162049961090087,81.51860251722154,-27.12959732713881
2021-09-07,27.511999130249023,27.511999130249023,27.511999130249023,27.511999130249023,26.982221603393555,100,0.2643224195988409,64.66407353547811,27.22474036029924,27.19614992141724,27.19614992141724,27.19614992141724,81.61704020313371,-27.167559482535243
2021-09-08,27.5,27.5,27.5,27.5,26.97045135498047,0,0.25434165730071,75.2701875215988,27.25095556408026,27.230099964141846,27.230099964141846,27.230099964141846,81.71115549236396,-27.209244364203432
2021-09-09,27.325000762939453,27.325000762939453,27.325000762939453,27.325000762939453,26.79882431030273,100,0.2296634382155709,67.03684050939971,27.258007487781136,27.25019998550415,27.25019998550415,27.25019998550415,81.75840745878943,-27.242392483227164
2021-09-10,27.17200088500977,27.17200088500977,27.17200088500977,27.17200088500977,26.64876937866211,100,0.1955062855565792,54.93405199594319,27.24981638275529,27.257450008392333,27.257450008392333,27.257450008392333,81.76471639953996,-27.265083634029374
2021-09-13,27.089000701904297,27.089000701904297,27.089000701904297,27.089000701904297,26.567367553710938,100,0.159895894529793,46.91444902050621,27.23450060362663,27.25875005722046,27.25875005722046,27.25875005722046,81.75200071806755,-27.28299951081429
2021-09-14,27.01799964904785,27.01799964904785,27.01799964904785,27.01799964904785,26.497732162475582,100,0.1245099384315935,42.35602418079292,27.21388146509532,27.25260000228882,27.25260000228882,27.25260000228882,81.71908146967296,-27.29131853948232
2021-09-15,27.229999542236328,27.229999542236328,27.229999542236328,27.229999542236328,26.705650329589844,100,0.1122786544673388,47.81306390472631,27.21541652006113,27.26534996032715,27.26534996032715,27.26534996032715,81.74611644071543,-27.315283400593174
2021-09-16,27.1299991607666,27.27199935913086,27.040000915527344,27.27199935913086,26.746841430664062,300,0.1047666235984188,52.99682188985041,27.22080536187729,27.293699932098388,27.293699932098388,27.293699932098388,81.80820522607407,-27.366594502319487
2021-09-17,27.11000061035156,27.11000061035156,27.10199928283692,27.10199928283692,26.580114364624023,100,0.0841259480440648,41.8309070141361,27.209490497206776,27.31169986724853,27.31169986724853,27.31169986724853,81.83289023170384,-27.41390923729029
2021-09-20,26.551000595092773,26.551000595092773,26.551000595092773,26.551000595092773,26.03972625732422,100,0.0230414670569985,23.962656320023,27.14677717319592,27.28849992752076,27.28849992752076,27.28849992752076,81.72377702823742,-27.43022268184559
2021-09-21,26.625,26.625,26.625,26.625,26.112302780151367,100,-0.019176238932367,28.27003497815491,27.09708410908202,27.260649967193604,27.260649967193604,27.260649967193604,81.61838404346923,-27.42421582530519
2021-09-22,26.950000762939453,26.950000762939453,26.799999237060547,26.82699966430664,26.31041145324707,500,-0.0359203232365317,33.7876989764935,27.07136178100817,27.23954992294312,27.23954992294312,27.23954992294312,81.5504616268944,-27.40773806487806
2021-09-23,27.1200008392334,27.1200008392334,27.11100006103516,27.11100006103516,26.58894157409668,100,-0.0259742570892349,39.71628147637122,27.075136855296456,27.229949951171875,27.229949951171875,27.229949951171875,81.5350367576402,-27.384763047047294
2021-09-24,27.10700035095215,27.10700035095215,27.10700035095215,27.10700035095215,26.58502197265625,100,-0.0182048173839959,37.37374091206055,27.078171473930333,27.226449966430664,27.226449966430664,27.226449966430664,81.53107140679165,-27.374728458931
2021-09-27,26.96999931335449,26.96999931335449,26.8759994506836,26.8759994506836,26.35846900939941,100,-0.0303376094610428,35.95405846904825,27.058916995525884,27.20229997634888,27.20229997634888,27.20229997634888,81.46351694822363,-27.345682957171867
2021-09-28,26.36000061035156,26.36000061035156,26.229999542236328,26.229999542236328,25.72490501403809,300,-0.0910303867256203,28.08831988711235,26.97997247616497,27.136049938201904,27.136049938201904,27.136049938201904,81.25207235256877,-27.292127400238837
2021-09-29,26.20800018310547,26.20800018310547,26.20800018310547,26.20800018310547,25.703330993652344,100,-0.1392992592513202,29.653897732720992,26.9064513053974,27.07399997711181,27.07399997711181,27.07399997711181,81.05445125962103,-27.241548648826235
2021-09-30,25.93899917602539,25.93899917602539,25.93899917602539,25.93899917602539,25.439510345458984,100,-0.196988065820566,28.45156094582092,26.81431300736197,26.996299934387206,26.996299934387206,26.996299934387206,80.80691287613638,-27.17828686141244
2021-10-01,26.15800094604492,26.15800094604492,26.15800094604492,26.15800094604492,25.65429306030273,100,-0.2224707438339912,34.467813748176624,26.75180709676035,26.92544994354248,26.92544994354248,26.92544994354248,80.60270698384531,-27.09909279032461
2021-10-04,25.76000022888184,25.76000022888184,25.76000022888184,25.76000022888184,25.26395797729492,200,-0.2716498707824897,31.07703183618388,26.65734929981954,26.830599975585937,26.830599975585937,26.830599975585937,80.31854925099141,-27.003850651352334
2021-10-05,26.0,26.08799934387207,26.0,26.08799934387207,25.58564186096192,200,-0.2809196292097802,33.40116248445425,26.60312549449121,26.75939998626709,26.75939998626709,26.75939998626709,80.12192546702539,-26.915674478042973
2021-10-06,26.19799995422364,26.19799995422364,26.19799995422364,26.19799995422364,25.69352531433105,100,-0.276205919696455,34.692146543910695,26.564542109703822,26.694299983978272,26.694299983978272,26.694299983978272,79.95314207766037,-26.82405785825272
2021-10-07,26.457000732421875,26.457000732421875,26.457000732421875,26.457000732421875,25.94753646850586,100,-0.2487041658944626,41.03422037102328,26.554300073772207,26.6508999824524,26.6508999824524,26.6508999824524,79.856100038677,-26.74749989113258
2021-10-08,26.32299995422364,26.32299995422364,26.32299995422364,26.32299995422364,25.81611633300781,100,-0.2350124930466641,46.4150889075226,26.53227149095806,26.60844993591309,26.60844993591309,26.60844993591309,79.74917136278424,-26.684628380868112
2021-10-11,26.350000381469727,26.350000381469727,26.104999542236328,26.104999542236328,25.602313995361328,800,-0.2389975401415789,42.17810385508761,26.491578924413133,26.559249877929688,26.559249877929688,26.559249877929688,79.61007868027251,-26.62692083144624
2021-10-12,26.09000015258789,26.09000015258789,26.09000015258789,26.09000015258789,25.58760452270508,100,-0.2405926418529489,38.25313401763486,26.45333332709644,26.51284990310669,26.51284990310669,26.51284990310669,79.47903313330983,-26.57236647911694
2021-10-13,26.21999931335449,26.21999931335449,26.21999931335449,26.21999931335449,25.7150993347168,100,-0.2287302655046623,35.065376005544735,26.4311110400734,26.4623498916626,26.4623498916626,26.4623498916626,79.3558108233986,-26.493588743251795
2021-10-14,26.5,26.683000564575195,26.5,26.683000564575195,26.16918563842773,500,-0.1798951954420431,43.840802570317415,26.45510051859738,26.43289995193481,26.43289995193481,26.43289995193481,79.320900422467,-26.41069938527225
2021-10-15,26.91399955749512,26.91399955749512,26.91399955749512,26.91399955749512,26.395734786987305,100,-0.1211567428758151,50.55200567881759,26.4988051889686,26.423499965667723,26.423499965667723,26.423499965667723,79.34580512030405,-26.34819474236685
2021-10-18,26.996999740600582,26.996999740600582,26.996999740600582,26.996999740600582,26.47713851928711,100,-0.0671347868810343,63.32058456619632,26.546252289124027,26.44579992294312,26.44579992294312,26.44579992294312,79.43785213501026,-26.345347556762206
2021-10-19,27.26300048828125,27.26300048828125,27.26300048828125,27.26300048828125,26.738014221191406,100,-0.0028253909233484,66.89078843060213,26.614514022377097,26.477699947357177,26.477699947357177,26.477699947357177,79.56991391709145,-26.340885872337257
2021-10-20,27.33099937438965,27.33099937438965,27.33099937438965,27.33099937438965,26.804706573486328,100,0.0530160742136658,73.8192824798904,26.68275072256877,26.50289993286133,26.50289993286133,26.50289993286133,79.68855058829142,-26.32304914315389
2021-10-21,27.48200035095215,27.48200035095215,27.48200035095215,27.48200035095215,26.952800750732425,100,0.108208000024419,73.1954883951886,26.75886973479576,26.521449947357176,26.521449947357176,26.521449947357176,79.8017696295101,-26.2840301599186
2021-10-22,27.549999237060547,27.549999237060547,27.51799964904785,27.51799964904785,26.98810386657715,100,0.1530881366185461,85.27285335309054,26.831167821867385,26.541999912261964,26.541999912261964,26.541999912261964,79.91516764639131,-26.252832002656543
2021-10-25,27.589000701904297,27.589000701904297,27.589000701904297,27.589000701904297,27.0577392578125,100,0.1921699443019981,83.57941089875703,26.903342381870903,26.577649974823,26.577649974823,26.577649974823,80.0586423315169,-26.25195756777509
2021-10-26,27.702999114990234,27.702999114990234,27.702999114990234,27.702999114990234,27.16954231262207,100,0.2296935138237827,83.60873035682488,26.97950016597751,26.651299953460693,26.651299953460693,26.651299953460693,80.2821000728989,-26.32309974094388
2021-10-27,27.575000762939453,27.575000762939453,27.575000762939453,27.575000762939453,27.044008255004883,100,0.2462640372020601,76.51805377859895,27.03621450854532,26.719649982452392,26.719649982452392,26.719649982452392,80.47551447345009,-26.40308545635947
2021-10-28,27.86000061035156,27.86000061035156,27.82999992370605,27.83799934387207,27.301942825317383,1100,0.2774201569921786,83.86236709497513,27.112574969052623,26.814599990844727,26.814599990844727,26.814599990844727,80.74177495074207,-26.51662501263683
2021-10-29,27.82999992370605,27.89200019836425,27.82999992370605,27.89200019836425,27.35490226745605,200,0.30297649955655,93.10188094552404,27.186805943272777,26.901299953460693,26.901299953460693,26.901299953460693,80.98940585019416,-26.61579396364861
2021-11-01,27.96999931335449,27.96999931335449,27.86100006103516,27.86100006103516,27.32450294494629,200,0.3170736060003136,92.38876370024404,27.251014906869194,27.00634994506836,27.00634994506836,27.00634994506836,81.26371479700592,-26.76168498326752
2021-11-02,27.950000762939453,28.0,27.950000762939453,27.957000732421875,27.418651580810547,400,0.3321631463047652,92.26284119987682,27.31825165215993,27.099800014495848,27.099800014495848,27.099800014495848,81.51785168115163,-26.88134837683177
2021-11-03,28.18600082397461,28.18600082397461,28.18600082397461,28.18600082397461,27.64324378967285,100,0.3584679142876155,91.26860348560422,27.40089443042799,27.1992000579834,27.1992000579834,27.1992000579834,81.79929454639478,-26.997505685538805
2021-11-04,28.34600067138672,28.34600067138672,28.34600067138672,28.34600067138672,27.800161361694336,100,0.3877554791470814,90.91436213287632,27.49090454861453,27.29365005493164,27.29365005493164,27.29365005493164,82.07820465847782,-27.096395561248745
2021-11-05,28.277999877929688,28.277999877929688,28.277999877929688,28.277999877929688,27.733470916748047,100,0.4008581463920073,86.91645806743162,27.56586600854931,27.391400051116943,27.391400051116943,27.391400051116943,82.3486661107832,-27.21693409368457
2021-11-08,28.36800003051757,28.36800003051757,28.36800003051757,28.36800003051757,27.82173728942871,200,0.4137350842246228,85.43941255058988,27.64225972492724,27.504550075531007,27.504550075531007,27.504550075531007,82.65135987598926,-27.36684042613477
2021-11-09,28.36000061035156,28.36000061035156,28.35400009155273,28.35400009155273,27.808008193969727,300,0.4179921191991411,83.986753741511,27.71004452174872,27.617750072479247,27.617750072479247,27.617750072479247,82.9455446667072,-27.52545562320978
2021-11-10,28.200000762939453,28.200000762939453,28.0,28.066999435424805,27.526531219482425,300,0.3936693208219672,67.82448195863147,27.7440402278131,27.71010007858276,27.71010007858276,27.71010007858276,83.16424038497863,-27.676159929352423
2021-11-11,27.98699951171875,27.98699951171875,27.98699951171875,27.98699951171875,27.448076248168945,100,0.3637449769451031,63.91691428248042,27.767179207232687,27.77530002593994,27.77530002593994,27.77530002593994,83.31777925911257,-27.7834208446472
2021-11-12,28.22900009155273,28.22900009155273,28.22900009155273,28.22900009155273,27.685413360595703,100,0.3554596258380762,67.24137222298754,27.8111621485965,27.84105005264282,27.84105005264282,27.84105005264282,83.49326225388214,-27.87093795668914
2021-11-15,28.200000762939453,28.200000762939453,28.163000106811523,28.163000106811523,27.62068557739257,200,0.3396524758935193,62.72126239433396,27.84467052556936,27.899350070953368,27.899350070953368,27.899350070953368,83.64337066747609,-27.954029616337376
2021-11-16,28.356000900268555,28.356000900268555,28.356000900268555,28.356000900268555,27.80996894836425,0,0.338793347911956,70.8488757048171,27.89336865649309,27.954000091552736,27.954000091552736,27.954000091552736,83.80136883959857,-28.014631526612376
2021-11-17,28.233999252319336,28.233999252319336,28.233999252319336,28.233999252319336,27.690319061279297,0,0.3245270238972644,61.431827942780025,27.925809665619404,27.99915008544922,27.99915008544922,27.99915008544922,83.92410983651784,-28.072490505279035
2021-11-18,28.367000579833984,28.367000579833984,28.367000579833984,28.367000579833984,27.82076072692871,100,0.320261183358177,63.11426462023302,27.967827847925555,28.04340009689331,28.04340009689331,28.04340009689331,84.05462804171218,-28.118972345861067
2021-11-19,28.52499961853028,28.540000915527344,28.427000045776367,28.427000045776367,27.879600524902344,3800,0.3180555826878226,65.38038526246186,28.01155853343516,28.088850116729738,28.088850116729738,28.088850116729738,84.18925876689462,-28.16614170002432
2021-11-22,28.32999992370605,28.32999992370605,28.179000854492188,28.179000854492188,27.636377334594727,300,0.2929195716591728,55.57227992768949,28.02750542115488,28.11835012435913,28.11835012435913,28.11835012435913,84.26420566987314,-28.20919482756339
2021-11-23,28.13999938964844,28.13999938964844,28.1299991607666,28.1299991607666,27.588321685791016,100,0.2659790339274543,48.45470535666353,28.037266729689325,28.13970012664795,28.13970012664795,28.13970012664795,84.31666698298523,-28.24213352360657
2021-11-24,28.215999603271484,28.215999603271484,28.215999603271484,28.215999603271484,27.672664642333984,100,0.2487011090790361,46.26005250127298,28.05428890812572,28.17175006866455,28.17175006866455,28.17175006866455,84.39778904545483,-28.28921122920338
2021-11-26,27.69499969482422,27.69499969482422,27.62700080871582,27.62700080871582,27.095006942749023,100,0.1853444138733664,35.59101935292112,28.013594803420013,28.16120014190674,28.16120014190674,28.16120014190674,84.3359950872335,-28.308805480393467
2021-11-29,27.96999931335449,27.96999931335449,27.94300079345703,27.94300079345703,27.40492248535156,400,0.1588017663967349,41.44872273110356,28.00687156437592,28.163750171661377,28.163750171661377,28.163750171661377,84.33437190769868,-28.320628778946837
2021-11-30,27.530000686645508,27.530000686645508,27.40699958801269,27.40699958801269,26.87924194335937,200,0.093438607211258,34.25343014467782,27.94974089996037,28.14105014801025,28.14105014801025,28.14105014801025,84.23184119598088,-28.33235939606013
2021-12-01,27.13999938964844,27.13999938964844,27.11000061035156,27.11199951171875,26.589921951293945,300,0.0176305578064628,34.162548846071815,27.869956005842127,28.098800086975096,28.098800086975096,28.098800086975096,84.06755617979232,-28.327644168108066
2021-12-02,27.39999961853028,27.39999961853028,27.323999404907227,27.323999404907227,26.79784202575684,300,-0.0250524587412996,39.46617355692972,27.817960139086424,28.055700016021728,28.055700016021728,28.055700016021728,83.92936017112987,-28.293439892957032
2021-12-03,26.85300064086914,26.85300064086914,26.85300064086914,26.85300064086914,26.335912704467773,100,-0.095780621444252,29.62088092754909,27.7260592344943,27.98105001449585,27.98105001449585,27.98105001449585,83.688159263486,-28.2360407944974
2021-12-06,27.11199951171875,27.11199951171875,27.11199951171875,27.11199951171875,26.696298599243164,100,-0.1294420284919617,35.27598821067932,27.667577356134725,27.922749996185303,27.922749996185303,27.922749996185303,83.51307734850533,-28.17792263623588
2021-12-07,27.643999099731445,27.643999099731445,27.643999099731445,27.643999099731445,27.22014045715332,0,-0.1119010893460838,40.8904602331572,27.665331807905844,27.886549949646,27.886549949646,27.886549949646,83.43843170719784,-28.10776809138615
2021-12-08,27.68000030517578,27.816999435424805,27.68000030517578,27.816999435424805,27.39048767089844,300,-0.0830823656369261,44.73352039066203,27.67977634386003,27.8596999168396,27.8596999168396,27.8596999168396,83.39917617753923,-28.039623489819167
2021-12-09,27.61800003051757,27.61800003051757,27.61800003051757,27.61800003051757,27.19453811645508,100,-0.0754313823173724,40.69564005917752,27.673892885446463,27.83724994659424,27.83724994659424,27.83724994659424,83.34839277863495,-28.00060700774201
2021-12-10,27.76099967956543,27.76099967956543,27.76099967956543,27.76099967956543,27.335346221923828,100,-0.0571700258629945,41.893857015638616,27.68218877060065,27.825949954986573,27.825949954986573,27.825949954986573,83.3340886805738,-27.969711139372496
2021-12-13,27.50200080871582,27.50200080871582,27.50200080871582,27.50200080871582,27.08031845092773,100,-0.0628720636276227,41.78198052271296,27.665028012325905,27.789599990844728,27.789599990844728,27.789599990844728,83.24422799401536,-27.91417196936355
2021-12-14,27.100000381469727,27.15399932861328,27.100000381469727,27.15399932861328,26.737653732299805,200,-0.0943837832106204,38.954273253542425,27.61635861387708,27.739149951934813,27.739149951934813,27.739149951934813,83.09465851774671,-27.861941289992544
2021-12-15,27.66900062561035,27.66900062561035,27.66900062561035,27.66900062561035,27.24475860595703,0,-0.0769141291837343,44.35734290142976,27.621372138804063,27.704799938201905,27.704799938201905,27.704799938201905,83.03097201520788,-27.788227737599748
2021-12-16,27.27499961853028,27.27499961853028,27.27499961853028,27.27499961853028,26.85679817199707,100,-0.0937808437823477,46.21666855269489,27.588384279730366,27.656849956512453,27.656849956512453,27.656849956512453,82.90208419275527,-27.72531563329454
2021-12-17,27.027000427246094,27.027000427246094,27.027000427246094,27.027000427246094,26.61260223388672,100,-0.1257101899232253,40.00872121085028,27.53491915092234,27.589849948883057,27.589849948883057,27.589849948883057,82.71461904868846,-27.64478074684377
2021-12-20,26.67200088500977,26.67200088500977,26.67200088500977,26.67200088500977,26.26304626464844,0,-0.1776125164521822,41.65342900548822,27.45273645893067,27.502099990844727,27.502099990844727,27.502099990844727,82.45693644062013,-27.551463522758784
2021-12-21,27.16900062561035,27.16900062561035,27.16900062561035,27.16900062561035,26.752426147460938,0,-0.1766059551782248,50.618904920382136,27.425713998614448,27.45159997940064,27.45159997940064,27.45159997940064,82.32891395741572,-27.47748596018682
2021-12-22,27.378999710083008,27.378999710083008,27.378999710083008,27.378999710083008,26.959205627441406,0,-0.1570526715990574,50.59744018139508,27.421265018754312,27.414050006866454,27.414050006866454,27.414050006866454,82.24936503248722,-27.406834994978595
2021-12-23,27.576000213623047,27.576000213623047,27.576000213623047,27.576000213623047,27.15318489074707,100,-0.1242282335084929,58.35065618278124,27.436001703979905,27.38205003738404,27.38205003738404,27.38205003738404,82.20010177874798,-27.32809837078816
2021-12-27,27.878999710083008,27.878999710083008,27.878999710083008,27.878999710083008,27.4515380859375,100,-0.072924474791062,58.76972719195745,27.47819199027544,27.3946499824524,27.3946499824524,27.3946499824524,82.26749195518022,-27.311107974629344
2021-12-28,27.82299995422364,27.82299995422364,27.82299995422364,27.82299995422364,27.39639663696289,0,-0.0363653910805368,52.29664978097554,27.511030843984795,27.388649940490723,27.388649940490723,27.388649940490723,82.28833072496624,-27.26626903699665
2021-12-29,27.86800003051757,27.86800003051757,27.86800003051757,27.86800003051757,27.44070625305176,0,-0.0037180642402283,50.67658009120247,27.54502790936887,27.41169996261597,27.41169996261597,27.41169996261597,82.3684278346008,-27.278372015863063
2021-12-30,27.833999633789062,27.833999633789062,27.833999633789062,27.833999633789062,27.4072265625,100,0.0191904144767107,52.99666478613257,27.572549025980315,27.447799968719483,27.447799968719483,27.447799968719483,82.46814896341928,-27.32305091145865
2021-12-31,27.763999938964844,27.763999938964844,27.763999938964844,27.763999938964844,27.33830070495605,100,0.0313359373660944,50.04248455512215,27.59078244626456,27.469799995422363,27.469799995422363,27.469799995422363,82.53038243710928,-27.348817544580168
2022-01-03,27.72800064086914,27.72800064086914,27.72800064086914,27.72800064086914,27.302854537963867,100,0.0376228168488204,53.41595818594343,27.60385084575071,27.513549995422363,27.513549995422363,27.513549995422363,82.63095083659543,-27.42324914509401
2022-01-04,27.59000015258789,27.59000015258789,27.59000015258789,27.59000015258789,27.166969299316406,100,0.0311110986678464,57.03681220309272,27.602531732116155,27.53745002746582,27.53745002746582,27.53745002746582,82.6774317870478,-27.472368322815484
2022-01-05,27.13999938964844,27.13999938964844,26.97900009155273,26.97900009155273,26.565338134765625,200,-0.0230859628803621,39.19848319722899,27.54314776634821,27.50420007705689,27.50420007705689,27.50420007705689,82.55154792046199,-27.465252387765563
2022-01-06,26.91200065612793,26.91200065612793,26.91200065612793,26.91200065612793,26.49936485290528,100,-0.0706296445502516,43.66935172692733,27.4830385177558,27.45895013809204,27.45895013809204,27.45895013809204,82.40093879393989,-27.434861758428283
2022-01-07,26.840999603271484,26.840999603271484,26.840999603271484,26.840999603271484,26.429452896118164,100,-0.1127379732140667,46.54273384886129,27.42189195447158,27.42010011672973,27.42010011672973,27.42010011672973,82.26209218793105,-27.41830827898789
2022-01-10,26.69700050354004,26.69700050354004,26.69700050354004,26.69700050354004,26.28766250610352,0,-0.1559311734481809,50.50422825417068,27.35285467343048,27.366900157928463,27.366900157928463,27.366900157928463,82.08665498928741,-27.38094564242645
2022-01-11,26.97100067138672,26.97100067138672,26.97100067138672,26.97100067138672,26.55746078491211,100,-0.1661374431657876,45.61170044124368,27.316487625616787,27.34035015106201,27.34035015106201,27.34035015106201,81.99718792774081,-27.36421267650724
2022-01-12,27.02300071716309,27.02300071716309,27.02300071716309,27.02300071716309,26.60866355895996,0,-0.1680923523337121,41.51575153915245,27.28853649147834,27.3338002204895,27.3338002204895,27.3338002204895,81.95613693245734,-27.37906394950066
2022-01-13,26.53899955749512,26.53899955749512,26.53899955749512,26.53899955749512,26.13208198547364,100,-0.206318173081712,28.259946402308813,27.21715202157517,27.27730016708374,27.27730016708374,27.27730016708374,81.77175235574265,-27.337448312592308
2022-01-14,26.492000579833984,26.492000579833984,26.492000579833984,26.492000579833984,26.085805892944336,0,-0.2376651798848001,17.426037596901338,27.148089979504583,27.238150215148927,27.238150215148927,27.238150215148927,81.62439040980244,-27.328210450793268
2022-01-18,26.049999237060547,26.049999237060547,25.94499969482422,25.94499969482422,25.547191619873047,100,-0.303151763735471,14.160311873241112,27.03350995239217,27.18405017852784,27.18405017852784,27.18405017852784,81.40161030944783,-27.334590404663498
2022-01-19,25.959999084472656,25.959999084472656,25.801000595092773,25.801000595092773,25.4054012298584,200,-0.3624913030416579,11.98971055860288,26.91612810883985,27.140500164031984,27.140500164031984,27.140500164031984,81.19712843690381,-27.36487221922412
2022-01-20,26.170000076293945,26.170000076293945,25.507999420166016,25.507999420166016,25.11689186096192,3900,-0.4282247531698182,10.9469490754678,26.78202061468044,27.057450103759766,27.057450103759766,27.057450103759766,80.89692082219997,-27.3328795928391
2022-01-21,25.38999938964844,25.38999938964844,25.07299995422364,25.07299995422364,24.68856239318848,100,-0.5095460774403335,9.751725200334448,26.619256742255978,26.9421501159668,26.9421501159668,26.9421501159668,80.50355697418956,-27.265043489677616
2022-01-24,24.57099914550781,25.089000701904297,24.57099914550781,25.089000701904297,24.704317092895508,400,-0.5661761598607669,10.29192806837284,26.47351807174629,26.81780014038086,26.81780014038086,26.81780014038086,80.109118352508,-27.16208220901543
2022-01-25,24.68000030517578,24.68000030517578,24.68000030517578,24.68000030517578,24.30158805847168,100,-0.6367191203581264,9.515881827232649,26.30270685588244,26.657850170135497,26.657850170135497,26.657850170135497,79.61840719615343,-27.01299348438856
2022-01-26,25.11000061035156,25.239999771118164,24.64699935913086,24.64699935913086,24.269092559814453,4000,-0.6873643173512924,11.339544437515968,26.145020427620377,26.49905014038086,26.49905014038086,26.49905014038086,79.1431207083821,-26.85307985314134
2022-01-27,24.61000061035156,24.64200019836425,24.61000061035156,24.64200019836425,24.2641716003418,100,-0.7196091846025148,11.577545217168849,26.001875643881696,26.3377501487732,26.3377501487732,26.3377501487732,78.67737594142808,-26.67362465366469
2022-01-28,24.790000915527344,25.275999069213867,24.790000915527344,25.275999069213867,24.88844871520996,300,-0.6860961742660123,27.750917745391533,25.93274454153238,26.209850120544434,26.209850120544434,26.209850120544434,78.35244478262125,-26.48695569955649
2022-01-31,25.80500030517578,25.80500030517578,25.80500030517578,25.80500030517578,25.40933990478516,100,-0.6098212536206127,38.56996841780591,25.92057842378413,26.11190013885498,26.11190013885498,26.11190013885498,78.14437870149409,-26.30322185392583
2022-02-01,25.983999252319336,25.983999252319336,25.983999252319336,25.983999252319336,25.58559226989746,100,-0.5288330521619606,37.037022192272936,25.926618502692246,26.02470006942749,26.02470006942749,26.02470006942749,77.97601864154723,-26.12278163616273
2022-02-02,25.9950008392334,25.9950008392334,25.9950008392334,25.9950008392334,25.59642601013184,100,-0.4584765506138915,36.35157789178864,25.93313110617236,25.94495010375977,25.94495010375977,25.94495010375977,77.82303131369189,-25.956769101347174
2022-02-03,25.28300094604492,25.28300094604492,25.28300094604492,25.28300094604492,24.895341873168945,100,-0.4549268437224469,34.276437471316896,25.871213948064984,25.860150146484376,25.860150146484376,25.860150146484376,77.59151424103374,-25.849086344903768
2022-02-04,25.48500061035156,25.48500061035156,25.48500061035156,25.48500061035156,25.09424591064453,0,-0.4308474495041494,37.86455211118422,25.83443172542561,25.788800144195555,25.788800144195555,25.788800144195555,77.41203201381671,-25.7431685629655
2022-02-07,25.51000022888184,25.51000022888184,25.349000930786133,25.349000930786133,24.96033096313477,300,-0.4179208620961248,42.02784075224425,25.78820022117423,25.71420021057129,25.71420021057129,25.71420021057129,77.2166006423168,-25.640200199968348
2022-02-08,25.6200008392334,25.63999938964844,25.600000381469727,25.63999938964844,25.24686813354492,300,-0.3798170107179608,47.927912535919326,25.77408585626701,25.661350154876708,25.661350154876708,25.661350154876708,77.09678616602042,-25.548614453486405
2022-02-09,25.98200035095215,25.98200035095215,25.98200035095215,25.98200035095215,25.5836238861084,100,-0.3183530389562214,56.02441445027488,25.79388723671321,25.61190013885498,25.61190013885498,25.61190013885498,77.01768751442317,-25.429913040996748
2022-02-10,25.8700008392334,25.88999938964844,25.576000213623047,25.576000213623047,25.1838493347168,8000,-0.2989570260072511,56.44046313640339,25.77313609165701,25.53955011367798,25.53955011367798,25.53955011367798,76.85223631901297,-25.30596413569895
2022-02-11,24.96999931335449,25.003999710083008,24.96999931335449,25.003999710083008,24.620620727539062,200,-0.3259834716885201,49.04728778984877,25.69988500769757,25.46280012130737,25.46280012130737,25.46280012130737,76.62548525031232,-25.22571523491717
2022-02-14,24.9060001373291,24.9060001373291,24.9060001373291,24.9060001373291,24.52412223815918,200,-0.3512607557702942,52.72288979430506,25.624276924805343,25.38350009918213,25.38350009918213,25.38350009918213,76.3912771231696,-25.142723273558914
2022-02-15,25.29700088500977,25.29700088500977,25.29700088500977,25.29700088500977,24.90912818908692,100,-0.3358709813097533,57.209423352753774,25.593107778158146,25.35110015869141,25.35110015869141,25.35110015869141,76.29530809554096,-25.109092539224665
2022-02-16,25.2810001373291,25.2810001373291,25.2810001373291,25.2810001373291,24.893373489379883,0,-0.3212622890965626,57.07014601195822,25.56338324093633,25.325100135803225,25.325100135803225,25.325100135803225,76.21358351254278,-25.08681703067011
2022-02-17,24.89999961853028,24.89999961853028,24.684999465942383,24.684999465942383,24.30651092529297,100,-0.3536998369136981,43.40549840465562,25.47972764331786,25.28395013809204,25.28395013809204,25.28395013809204,76.04762791950195,-25.088172632866225
2022-02-18,24.46500015258789,24.46500015258789,24.46500015258789,24.46500015258789,24.08988380432129,100,-0.3926329055062432,33.9405576661958,25.38308692991501,25.25355014801025,25.25355014801025,25.25355014801025,75.8901872259355,-25.12401336610549
2022-02-22,24.174999237060547,24.174999237060547,24.174999237060547,24.174999237060547,23.80432891845703,100,-0.4417955490267289,28.88163892039601,25.268030959166964,25.207850074768064,25.207850074768064,25.207850074768064,75.68373110870309,-25.147669190369164
2022-02-23,24.1299991607666,24.1299991607666,23.76799964904785,23.76799964904785,23.4035701751709,200,-0.5077457861674226,26.202171580632893,25.12517083439372,25.162250041961663,25.162250041961663,25.162250041961663,75.44967091831705,-25.19932924952962
2022-02-24,24.21500015258789,24.21500015258789,24.21500015258789,24.21500015258789,23.84371757507324,100,-0.5179717632896406,37.90212461455501,25.03848791231697,25.14065008163452,25.14065008163452,25.14065008163452,75.319788075586,-25.242812250952067
2022-02-25,24.691999435424805,24.691999435424805,24.691999435424805,24.691999435424805,24.31340217590332,100,-0.4820295317683261,41.54402866595053,25.005489009755813,25.143150043487548,25.143150043487548,25.143150043487548,75.29178909673091,-25.280811077219283
2022-02-28,24.599000930786133,24.599000930786133,24.599000930786133,24.599000930786133,24.221830368041992,100,-0.455795133860768,41.92854052110114,24.966775859377748,25.10930013656616,25.10930013656616,25.10930013656616,75.18537613251007,-25.251824413754576
2022-03-01,24.18099975585937,24.18099975585937,24.18099975585937,24.18099975585937,23.81023979187012,100,-0.463391694937485,34.71612370066187,24.891940039995045,25.028100109100343,25.028100109100343,25.028100109100343,74.94814025819574,-25.16426017820564
2022-03-02,24.62700080871582,24.62700080871582,24.62700080871582,24.62700080871582,24.249401092529297,100,-0.4284841679755686,36.10827570617231,24.866707732254167,24.960250186920167,24.960250186920167,24.960250186920167,74.7872081060945,-25.053792641586167
2022-03-03,24.405000686645508,24.405000686645508,24.405000686645508,24.405000686645508,24.03080368041992,100,-0.4139613669258217,37.52398409256715,24.82273563267239,24.88075017929077,24.88075017929077,24.88075017929077,74.58423599125393,-24.938764725909152
2022-03-04,23.959999084472656,24.04599952697754,23.959999084472656,24.04599952697754,23.677309036254883,200,-0.4265038646874153,39.30804168234838,24.74876076546336,24.8189001083374,24.8189001083374,24.8189001083374,74.38656098213816,-24.889039451211445
2022-03-07,23.249000549316406,23.249000549316406,23.249000549316406,23.249000549316406,22.892528533935547,100,-0.4950484310697511,34.00271573302146,24.60592645916365,24.707100105285644,24.707100105285644,24.707100105285644,74.02012666973494,-24.80827375140764
2022-03-08,23.02199935913086,23.02199935913086,23.02199935913086,23.02199935913086,22.669008255004883,100,-0.5612182184089534,27.31804514195001,24.455076259160528,24.59075002670288,24.59075002670288,24.59075002670288,73.63657631256629,-24.726423794245235
2022-03-09,23.739999771118164,23.739999771118164,23.739999771118164,23.739999771118164,23.376001358032227,100,-0.549388609032885,36.5226553002046,24.386973736489825,24.49575004577637,24.49575004577637,24.49575004577637,73.37847382804256,-24.604526355062912
2022-03-10,23.66200065612793,23.66200065612793,23.66200065612793,23.66200065612793,23.299196243286133,100,-0.540081709332533,40.16158346216525,24.317928681217264,24.37975006103516,24.37975006103516,24.37975006103516,73.07742880328757,-24.44157144085305
2022-03-11,23.32900047302246,23.32900047302246,23.32900047302246,23.32900047302246,22.971303939819336,100,-0.5531993186545421,39.307236324061,24.22374504234157,24.267400074005128,24.267400074005128,24.267400074005128,72.75854519035182,-24.31105510566869
2022-03-14,23.21199989318848,23.21199989318848,23.21199989318848,23.21199989318848,22.856096267700195,100,-0.5665057617436737,40.63048260468241,24.127388361469848,24.1778000831604,24.1778000831604,24.1778000831604,72.48298852779064,-24.22821180485095
2022-03-15,23.753999710083008,23.753999710083008,23.753999710083008,23.753999710083008,23.38978576660156,0,-0.5272386789217123,49.867274047628,24.091827537528246,24.12020006179809,24.12020006179809,24.12020006179809,72.33222766112443,-24.148572586067942
2022-03-16,24.35300064086914,24.35300064086914,24.35300064086914,24.35300064086914,23.979602813720703,100,-0.4426819024153339,51.27165890744758,24.11670116641785,24.073000049591062,24.073000049591062,24.073000049591062,72.26270126559999,-24.02929893276428
2022-03-17,24.63800048828125,24.63800048828125,24.63800048828125,24.63800048828125,24.260231018066406,100,-0.3486538771262921,49.48415250762994,24.16634872088104,24.04085006713867,24.04085006713867,24.04085006713867,72.24804885515837,-23.915351413396305
2022-03-18,25.01700019836425,25.01700019836425,25.01700019836425,25.01700019836425,24.633419036865234,100,-0.2407783376809433,53.78622231927879,24.24736314730801,24.057450103759766,24.057450103759766,24.057450103759766,72.36226335482755,-23.86753706021152
2022-03-21,24.905000686645508,24.905000686645508,24.905000686645508,24.905000686645508,24.52313804626465,100,-0.1624509861992678,56.94285163476236,24.309995293911584,24.079450130462646,24.079450130462646,24.079450130462646,72.46889555483688,-23.84890496701371
2022-03-22,25.15999984741211,25.15999984741211,25.15999984741211,25.15999984741211,24.774227142333984,100,-0.0788902964450706,55.30558393984583,24.390948108530683,24.128700160980223,24.128700160980223,24.128700160980223,72.64834843049113,-23.866452213429763
2022-03-23,24.78899955749512,24.78899955749512,24.78899955749512,24.78899955749512,24.408916473388672,100,-0.0421189495775209,53.71228543253516,24.428857770336823,24.179750156402587,24.179750156402587,24.179750156402587,72.788358083142,-23.93064254246835
2022-03-24,25.10199928283692,25.10199928283692,25.10199928283692,25.10199928283692,24.71711540222168,100,0.0121391373069705,60.300427906976864,24.49296648581302,24.22410011291504,24.22410011291504,24.22410011291504,72.94116671164309,-23.955233740017057
2022-03-25,25.17300033569336,25.17300033569336,25.17300033569336,25.17300033569336,24.78702735900879,0,0.0601745983439698,71.86362635400046,24.55773161437305,24.248150157928468,24.248150157928468,24.248150157928468,73.05403193023,-23.93856870148388
2022-03-28,25.18000030517578,25.42099952697754,25.18000030517578,25.42099952697754,25.031225204467773,100,0.1169068796766055,77.13187541875622,24.63994760604967,24.28925008773804,24.28925008773804,24.28925008773804,73.21844778152574,-23.938552569426403
2022-03-29,25.65900039672852,25.80299949645996,25.65900039672852,25.80299949645996,25.40736961364746,300,0.1904959081474757,75.25092029008532,24.75071445275541,24.370350074768066,24.370350074768066,24.370350074768066,73.49141460229154,-23.98998569678072
2022-03-30,25.68000030517578,25.68000030517578,25.589000701904297,25.589000701904297,25.196651458740234,100,0.2289091074333527,72.8263516942242,24.83055123838864,24.41845006942749,24.41845006942749,24.41845006942749,73.66745137724362,-24.006348900466342
2022-03-31,25.57999992370605,25.57999992370605,25.301000595092773,25.301000595092773,24.913066864013672,100,0.2334219005477713,73.61111999218076,24.875355939027127,24.46325006484985,24.46325006484985,24.46325006484985,73.80185606872683,-24.051144190672577
2022-04-01,25.200000762939453,25.33699989318848,25.200000762939453,25.33699989318848,24.94851303100586,900,0.2371692249094614,75.94629238205884,24.91932202989964,24.527800083160404,24.527800083160404,24.527800083160404,73.97492219622045,-24.13627813642117
2022-04-04,25.506000518798828,25.506000518798828,25.506000518798828,25.506000518798828,25.11492347717285,100,0.2508839109975405,73.53575562967916,24.97519617169956,24.64065008163453,24.64065008163453,24.64065008163453,74.2564963349686,-24.306103991569493
2022-04-05,25.165000915527344,25.165000915527344,25.165000915527344,25.165000915527344,24.779151916503903,100,0.2315677119622989,61.720568769230496,24.993272813968872,24.74780015945435,24.74780015945435,24.74780015945435,74.48887313287757,-24.502327504939828
2022-04-06,24.839000701904297,24.839000701904297,24.839000701904297,24.839000701904297,24.45815086364746,0,0.1877892744580691,52.86733767661356,24.97858023186749,24.802750205993654,24.802750205993654,24.802750205993654,74.58408064385479,-24.62692018011982
2022-04-07,24.937000274658203,24.937000274658203,24.937000274658203,24.937000274658203,24.55464744567871,0,0.1591675098586762,48.75930528431895,24.9746202359428,24.86650018692017,24.86650018692017,24.86650018692017,74.70762060978313,-24.758380137897547
2022-04-08,24.80699920654297,24.80699920654297,24.80699920654297,24.80699920654297,24.42663955688477,0,0.1245587200823408,48.48856384590358,24.958656328380908,24.940400123596195,24.940400123596195,24.940400123596195,74.8394565755733,-24.92214391881148
2022-04-11,24.39200019836425,24.39200019836425,24.39200019836425,24.39200019836425,24.01800346374512,100,0.0629187648178764,38.71252229305781,24.90468907790313,24.99940013885498,24.99940013885498,24.99940013885498,74.90348935561309,-25.09411119980683
2022-04-12,24.2549991607666,24.2549991607666,24.2549991607666,24.2549991607666,23.883102416992188,100,0.0029794719126527,41.57196148696156,24.842813847699656,25.02445011138916,25.02445011138916,25.02445011138916,74.89171407047797,-25.206086375078662
2022-04-13,24.6200008392334,24.6200008392334,24.6200008392334,24.6200008392334,24.242507934570312,100,-0.0148985236415271,42.51555495531343,24.82159356117906,25.037800121307374,25.037800121307374,25.037800121307374,74.89719380379381,-25.254006681435687
2022-04-14,24.27400016784668,24.27400016784668,24.27400016784668,24.27400016784668,23.90181350708008,0,-0.056336909629163,37.13877035800844,24.76944180943312,25.019600105285644,25.019600105285644,25.019600105285644,74.80864202000441,-25.26975840113817
2022-04-18,24.200000762939453,24.200000762939453,24.200000762939453,24.200000762939453,23.82894897460937,100,-0.0940639519239958,31.61700727273353,24.71520932881468,24.978750133514403,24.978750133514403,24.978750133514403,74.67270959584349,-25.242290938214133
2022-04-19,24.667999267578125,24.667999267578125,24.667999267578125,24.667999267578125,24.289772033691406,100,-0.0852170080308312,33.34311173862099,24.71071313250643,24.966900062561034,24.966900062561034,24.966900062561034,74.6445132576285,-25.22308699261564
2022-04-20,24.74399948120117,24.74399948120117,24.74399948120117,24.74399948120117,24.364606857299805,0,-0.0712518126342836,37.07554358544084,24.713883260953548,24.94610004425049,24.94610004425049,24.94610004425049,74.60608334945452,-25.17831682754743
2022-04-21,24.256000518798828,24.256000518798828,24.256000518798828,24.256000518798828,23.88408851623535,0,-0.0984271259182634,34.93802078894625,24.670275380748336,24.919450092315675,24.919450092315675,24.919450092315675,74.50917556537968,-25.168624803883013
2022-04-22,23.850000381469727,23.850000381469727,23.57299995422364,23.57299995422364,23.21156120300293,100,-0.1730810246576553,28.57143519140669,24.56577295917456,24.84300012588501,24.84300012588501,24.84300012588501,74.25177321094458,-25.120227292595462
2022-04-25,23.59000015258789,23.59000015258789,23.59000015258789,23.59000015258789,23.228302001953125,100,-0.2282419719525386,25.832492092010668,24.47284221569011,24.76385011672973,24.76385011672973,24.76385011672973,74.00054244914958,-25.05485801776936
2022-04-26,23.027000427246094,23.027000427246094,23.027000427246094,23.027000427246094,22.673933029174805,100,-0.3137698492398684,24.46249322221552,24.335142997743063,24.644150161743163,24.644150161743163,24.644150161743163,73.62344332122939,-24.953157325743263
2022-04-27,23.14800071716309,23.14800071716309,23.14800071716309,23.14800071716309,22.79307746887207,100,-0.3675507003492129,28.76162267851859,24.22208182816402,24.511400222778324,24.511400222778324,24.511400222778324,73.24488227372066,-24.80071861739263
2022-04-28,23.34000015258789,23.698999404907227,23.34000015258789,23.698999404907227,23.33563041687012,100,-0.3615437715652767,36.03968351950122,24.17226445452052,24.416900157928467,24.416900157928467,24.416900157928467,73.00606477037745,-24.661535861336414
2022-04-29,22.84199905395508,22.84199905395508,22.84199905395508,22.84199905395508,22.49176788330078,0,-0.4210820317499362,30.962987600938646,24.045572511609524,24.293950080871586,24.293950080871586,24.293950080871586,72.63347267335268,-24.54232765013364
2022-05-02,22.992000579833984,22.992000579833984,22.992000579833984,22.992000579833984,22.63946914672852,100,-0.4509642274740777,35.70262357732918,23.945232327630904,24.176700115203857,24.176700115203857,24.176700115203857,72.29863255803862,-24.40816790277681
2022-05-03,23.08099937438965,23.08099937438965,23.08099937438965,23.08099937438965,22.72710418701172,100,-0.4621373917666247,37.89191532756191,23.862924427322213,24.0554500579834,24.0554500579834,24.0554500579834,71.97382454328901,-24.247975688644587
2022-05-04,23.65999984741211,23.65999984741211,23.65999984741211,23.65999984741211,23.29722595214844,100,-0.4194367005095145,40.51756912822228,23.843598276854586,23.98020000457764,23.98020000457764,23.98020000457764,71.80399828600986,-24.116801732300686
2022-05-05,22.74399948120117,22.74399948120117,22.74399948120117,22.74399948120117,22.3952693939209,0,-0.4542730918376172,36.4168926394672,23.73887458203045,23.87544994354248,23.87544994354248,23.87544994354248,71.48977446911542,-24.01202530505451
2022-05-06,22.51700019836425,22.51700019836425,22.51700019836425,22.51700019836425,22.1717529296875,0,-0.4944978643940558,35.45374966411188,23.62250559310986,23.75444993972778,23.75444993972778,23.75444993972778,71.13140547256542,-23.886394286345705
2022-05-09,21.78700065612793,21.78700065612793,21.78700065612793,21.78700065612793,21.45294570922852,0,-0.5786112780067647,26.178277670517105,23.44769559911158,23.603450012207027,23.603450012207027,23.603450012207027,70.65459562352564,-23.759204425302475
2022-05-10,21.89999961853028,21.89999961853028,21.8759994506836,21.8759994506836,21.54058074951172,100,-0.6308186209808646,26.33662387825196,23.298010251642246,23.477649974823,23.477649974823,23.477649974823,70.25331020128826,-23.65728969800376
2022-05-11,21.46299934387207,21.46299934387207,21.46299934387207,21.46299934387207,21.133913040161133,0,-0.6974788711936206,26.666651794549324,23.123247308045087,23.33804998397828,23.33804998397828,23.33804998397828,69.79934727600164,-23.55285265991146
2022-05-12,21.402000427246094,21.402000427246094,21.402000427246094,21.402000427246094,21.073848724365234,100,-0.7466230962342486,29.759456282641903,22.95931903368328,23.17714996337891,23.17714996337891,23.17714996337891,69.31361896044109,-23.394980893074543
2022-05-13,21.972000122070312,21.972000122070312,21.972000122070312,21.972000122070312,21.63511085510254,0,-0.7311478200124775,36.32521151399595,22.865288661148707,23.06204996109009,23.06204996109009,23.06204996109009,68.98938858332889,-23.25881126103147
2022-05-16,21.86199951171875,21.86199951171875,21.86199951171875,21.86199951171875,21.52679443359375,100,-0.7194661244250362,39.33734704194983,22.76973731358395,22.945149898529056,22.945149898529056,22.945149898529056,68.66003711064207,-23.120562483474163
2022-05-17,22.256000518798828,22.256000518798828,22.256000518798828,22.256000518798828,21.91475486755371,100,-0.6706844749022736,42.22454249056049,22.720809999794888,22.82454996109009,22.82454996109009,22.82454996109009,68.36990992197508,-22.928289922385297
2022-05-18,21.26799964904785,21.26799964904785,21.26799964904785,21.26799964904785,20.94190216064453,100,-0.7036369901007298,30.309415003568773,22.58244710924755,22.650749969482423,22.650749969482423,22.650749969482423,67.8839470482124,-22.719052829717302
2022-05-19,21.18600082397461,21.18600082397461,21.18600082397461,21.18600082397461,20.861160278320312,0,-0.7279770494204563,34.66099856330469,22.449452224935843,22.497249984741213,22.497249984741213,22.497249984741213,67.44395219441827,-22.545047744546583
2022-05-20,20.8799991607666,21.20800018310547,20.8799991607666,21.20800018310547,20.8828239440918,1300,-0.7369959270830755,33.073989249351115,22.331218697142475,22.378999996185303,22.378999996185303,22.378999996185303,67.08921868951307,-22.42678129522813
2022-05-23,21.599000930786133,21.599000930786133,21.599000930786133,21.599000930786133,21.26782989501953,0,-0.7044722425070873,36.70137457844576,22.261483671775206,22.279450035095216,22.279450035095216,22.279450035095216,66.82038374196564,-22.297416398415223
2022-05-24,21.41399955749512,21.41399955749512,21.41399955749512,21.41399955749512,21.085662841796875,0,-0.6857204938567243,28.31208470131655,22.180770898986623,22.198799991607665,22.198799991607665,22.198799991607665,66.57837088220195,-22.216829084228703
2022-05-25,21.638999938964844,21.638999938964844,21.638999938964844,21.638999938964844,21.30721473693848,100,-0.6452657259495176,37.68665408420056,22.12917366469884,22.123349952697755,22.123349952697755,22.123349952697755,66.37587357009434,-22.117526240696677
2022-05-26,22.13999938964844,22.13999938964844,22.121000289916992,22.121000289916992,21.78182411193848,2600,-0.5677667689553907,45.8245480807056,22.128395248052943,22.04444999694824,22.04444999694824,22.04444999694824,66.21729524194943,-21.960504745843537
2022-05-27,22.540000915527344,22.7189998626709,22.540000915527344,22.7189998626709,22.370655059814453,200,-0.4528742667151739,60.10844992569201,22.18464330658799,22.03830003738404,22.03830003738404,22.03830003738404,66.26124338135605,-21.89195676818008
2022-05-31,22.589000701904297,22.589000701904297,22.589000701904297,22.589000701904297,22.24264907836914,100,-0.3680681166255581,57.66503011731968,22.22315353471335,22.018150043487548,22.018150043487548,22.018150043487548,66.25945362168845,-21.813146552261745
2022-06-01,22.34000015258789,22.43899917602539,22.34000015258789,22.43899917602539,22.094945907592773,100,-0.3093959769773029,61.121231760554,22.243710262457355,21.98605003356933,21.98605003356933,21.98605003356933,66.21581032959602,-21.728389804681317
2022-06-02,22.8759994506836,22.8759994506836,22.8759994506836,22.8759994506836,22.52524948120117,0,-0.2250414755482168,65.4701706763396,22.303928280383666,21.94685001373291,21.94685001373291,21.94685001373291,66.19762830784948,-21.589771747082157
2022-06-03,22.6200008392334,22.6200008392334,22.5,22.542999267578125,22.19735336303711,200,-0.182951308402238,56.306589468344434,22.32669694583076,21.93680000305176,21.93680000305176,21.93680000305176,66.20029695193428,-21.54690306027276
2022-06-06,22.57999992370605,22.57999992370605,22.566999435424805,22.566999435424805,22.22098731994629,300,-0.1459752232214413,57.93739383644745,22.349582897220667,21.939299964904787,21.939299964904787,21.939299964904787,66.22818282703024,-21.529017032588907
2022-06-07,22.71999931335449,22.71999931335449,22.71999931335449,22.71999931335449,22.371639251708984,100,-0.1031367021398566,55.52379166134951,22.384860651138176,21.985949897766115,21.985949897766115,21.985949897766115,66.3567604466704,-21.58703914439405
2022-06-08,22.61000061035156,22.64999961853028,22.457000732421875,22.457000732421875,22.1126708984375,200,-0.0893783550176827,67.10792737914957,22.39173113506996,22.01499996185303,22.01499996185303,22.01499996185303,66.42173105877602,-21.6382687886361
2022-06-09,21.89800071716309,21.89800071716309,21.89800071716309,21.89800071716309,21.562244415283203,100,-0.1221730602842861,59.00809223223896,22.3447091905074,22.036750030517577,22.036750030517577,22.036750030517577,66.41820925154255,-21.72879087052776
2022-06-10,21.194000244140625,21.194000244140625,21.194000244140625,21.194000244140625,20.869037628173828,100,-0.2026342139931429,49.84894334428735,22.23511786228199,22.026350021362305,22.026350021362305,22.026350021362305,66.28781790500659,-21.81758218044262
2022-06-13,20.31399917602539,20.31399917602539,20.31399917602539,20.31399917602539,20.002531051635746,100,-0.3335638730278667,37.458510630772444,22.0521541778766,21.94344997406006,21.94344997406006,21.94344997406006,65.93905412599672,-21.83474577024352
2022-06-14,20.201000213623047,20.201000213623047,20.201000213623047,20.201000213623047,19.89126205444336,100,-0.4413569547649167,37.99248464699702,21.87585380032864,21.86040000915528,21.86040000915528,21.86040000915528,65.5966538186392,-21.844946217981903
2022-06-15,20.43000030517578,20.597999572753903,20.43000030517578,20.597999572753903,20.28217506408692,100,-0.4891110504998579,40.03445863138318,21.75415339770248,21.777499961853028,21.777499961853028,21.777499961853028,65.30915332140853,-21.800846526003586
2022-06-16,19.940000534057617,19.940000534057617,19.940000534057617,19.940000534057617,19.634265899658203,100,-0.5734412647693894,29.801810904286327,21.5813769344982,21.71110000610352,21.71110000610352,21.71110000610352,65.00357694670524,-21.840823077708823
2022-06-17,20.0,20.09000015258789,20.0,20.065000534057617,19.7573471069336,700,-0.6230054923051256,23.061306987185983,21.436960134456243,21.655049991607665,21.655049991607665,21.655049991607665,64.74706011767157,-21.873139848759088
2022-06-21,20.472000122070312,20.472000122070312,20.472000122070312,20.472000122070312,20.158105850219727,100,-0.6222708830138224,29.65595867838277,21.34505918089568,21.61824998855591,21.61824998855591,21.61824998855591,64.5815591580075,-21.89144079621614
2022-06-22,20.57999992370605,20.57999992370605,20.51700019836425,20.51700019836425,20.202417373657227,100,-0.6110141786736669,31.14947177493117,21.266196420654587,21.564149951934816,21.564149951934816,21.564149951934816,64.39449632452423,-21.862103483215044
2022-06-23,20.780000686645508,20.780000686645508,20.780000686645508,20.780000686645508,20.46138572692871,100,-0.5742516029468518,28.71649404069491,21.219892065034674,21.53245000839233,21.53245000839233,21.53245000839233,64.28479208181935,-21.845007951749995
2022-06-24,21.239999771118164,21.371999740600582,21.239999771118164,21.371999740600582,21.044309616088867,100,-0.4916798415582342,38.70345107774642,21.234378510326664,21.51909999847412,21.51909999847412,21.51909999847412,64.27257850727491,-21.80382148662158
2022-06-27,21.46999931335449,21.46999931335449,21.26499938964844,21.26499938964844,20.938947677612305,200,-0.4299193175655205,37.63766802045273,21.237294784547785,21.476299953460693,21.476299953460693,21.476299953460693,64.18989469146916,-21.7153051223736
2022-06-28,20.82999992370605,20.82999992370605,20.82999992370605,20.82999992370605,20.5106201171875,100,-0.4113328892980803,32.966829715052626,21.19850479780096,21.38184995651245,21.38184995651245,21.38184995651245,63.96220471082586,-21.565195115223947
2022-06-29,20.75,20.82200050354004,20.75,20.82200050354004,20.50274085998535,100,-0.3927214489388504,34.555062872627715,21.162647245966586,21.29349994659424,21.29349994659424,21.29349994659424,63.74964713915506,-21.42435264722189
2022-06-30,20.6200008392334,20.6200008392334,20.6200008392334,20.6200008392334,20.30384063720703,100,-0.3897783113492252,37.05428836841213,21.11096663580152,21.20255002975464,21.20255002975464,21.20255002975464,63.5160666953108,-21.294133423707763
2022-07-01,20.82999992370605,20.82999992370605,20.82999992370605,20.82999992370605,20.5106201171875,100,-0.3662784525236482,45.90273886430625,21.08420790131624,21.10025005340576,21.10025005340576,21.10025005340576,63.28470800812775,-21.11629220549528
2022-07-05,20.915000915527344,20.915000915527344,20.915000915527344,20.915000915527344,20.594314575195312,0,-0.3369120628993656,58.23968294147308,21.06809295028872,21.01885013580322,21.01885013580322,21.01885013580322,63.10579322189516,-20.96960732131772
2022-07-06,20.850000381469727,20.99300003051757,20.850000381469727,20.99300003051757,20.671119689941406,100,-0.3038426024492153,60.96346567560457,21.06094124364385,20.94015016555786,20.94015016555786,20.94015016555786,62.94124157475957,-20.81935908747187
2022-07-07,21.309999465942383,21.325000762939453,21.28300094604492,21.323999404907227,20.99704360961914,700,-0.2480663787554888,60.236896644278055,21.08599440185941,20.87035017013549,20.87035017013549,20.87035017013549,62.8266947421304,-20.65470593841158
2022-07-08,21.31999969482422,21.32999992370605,21.27199935913086,21.27199935913086,20.94584274291992,200,-0.2056882427182813,72.65306652047974,21.103709159694787,20.811100101470945,20.811100101470945,20.811100101470945,62.72590936263668,-20.518491043247103
2022-07-11,21.07999992370605,21.07999992370605,21.042999267578125,21.042999267578125,20.72035217285156,400,-0.1884097873974077,66.06438498907538,21.09792726520749,20.76835002899169,20.76835002899169,20.76835002899169,62.63462732319088,-20.438772792775907
2022-07-12,20.812000274658203,20.812000274658203,20.812000274658203,20.812000274658203,20.492895126342773,100,-0.1911526860838073,55.92748607394246,21.07069612325041,20.749250030517576,20.749250030517576,20.749250030517576,62.56919618428556,-20.42780393778474
2022-07-13,20.709999084472656,20.76000022888184,20.709999084472656,20.76000022888184,20.44169044494629,100,-0.1952714543919604,54.22609309465921,21.04110603807245,20.7715500831604,20.7715500831604,20.7715500831604,62.58420620439325,-20.50199412824835
2022-07-14,20.72599983215332,20.72599983215332,20.72599983215332,20.72599983215332,20.408212661743164,100,-0.1989853762596922,48.979574183428674,21.011095923223007,20.79780006408691,20.79780006408691,20.79780006408691,62.60669605139682,-20.58450420495081
2022-07-15,21.07999992370605,21.07999992370605,21.07999992370605,21.07999992370605,20.75678443908692,0,-0.171388180946618,43.936873655428485,21.017658208983296,20.82190008163452,20.82190008163452,20.82190008163452,62.661458372252326,-20.62614195428574
2022-07-18,20.917999267578125,20.917999267578125,20.917999267578125,20.917999267578125,20.59726905822754,100,-0.1607364343275321,42.95573521667743,21.008166881230423,20.870800018310543,20.870800018310543,20.870800018310543,62.74976691785151,-20.733433155390664
2022-07-19,21.506000518798828,21.506000518798828,21.506000518798828,21.506000518798828,21.176254272460938,100,-0.1036532118439446,62.92050451427863,21.05557960861789,20.94285001754761,20.94285001754761,20.94285001754761,62.9412796437131,-20.83012042647732
2022-07-20,21.700000762939453,21.700000762939453,21.700000762939453,21.700000762939453,21.367280960083008,100,-0.0422728532504983,65.66738481540858,21.11695305188661,21.00425004959106,21.00425004959106,21.00425004959106,63.12545315106873,-20.89154704729551
2022-07-21,21.981000900268555,21.981000900268555,21.981000900268555,21.981000900268555,21.643972396850582,100,0.0287148785768955,73.62026754515476,21.199243323161085,21.07745008468628,21.07745008468628,21.07745008468628,63.35414349253364,-20.95565684621147
2022-07-22,21.791000366210938,21.791000366210938,21.791000366210938,21.791000366210938,21.45688438415528,100,0.0688480745444479,66.79482316203661,21.25560113678488,21.128000068664548,21.128000068664548,21.128000068664548,63.51160127411397,-21.000399000544217
2022-07-25,21.795000076293945,21.795000076293945,21.795000076293945,21.795000076293945,21.46082305908203,0,0.0998259334482192,65.82731912610527,21.30697246435717,21.14915008544921,21.14915008544921,21.14915008544921,63.6052726352556,-20.991327706541263
2022-07-26,21.492000579833984,21.492000579833984,21.492000579833984,21.492000579833984,21.16246795654297,100,0.0987878182455581,58.30283480779911,21.32459418964068,21.16050014495849,21.16050014495849,21.16050014495849,63.64559447955766,-20.996406100276317
2022-07-27,21.82999992370605,22.13500022888184,21.82999992370605,22.13500022888184,21.795610427856445,100,0.1481421123185669,62.22490949154265,21.40177571718745,21.225750160217284,21.225750160217284,21.225750160217284,63.85327603762202,-21.049724603247117
2022-07-28,22.530000686645508,22.530000686645508,22.530000686645508,22.530000686645508,22.184553146362305,100,0.2166317853618302,67.18580224556322,21.5092257142787,21.31115016937256,21.31115016937256,21.31115016937256,64.13152605302382,-21.11307462446642
2022-07-29,22.770000457763672,22.89900016784668,22.770000457763672,22.89900016784668,22.54789352416992,500,0.2972589033649164,74.42105712256473,21.64158518604708,21.425100135803223,21.425100135803223,21.425100135803223,64.49178545765352,-21.20861508555937
2022-08-01,22.850000381469727,22.850000381469727,22.791000366210938,22.791000366210938,22.441551208496094,100,0.3484253631700156,76.91051183520355,21.75105329844364,21.523150157928463,21.523150157928463,21.523150157928463,64.79735361430056,-21.295247017413296
2022-08-02,22.6200008392334,22.621000289916992,22.6200008392334,22.621000289916992,22.274158477783203,300,0.370981126296769,74.51909207236962,21.83390539286967,21.60845012664795,21.60845012664795,21.60845012664795,65.05080564616557,-21.382994860426223
2022-08-03,22.940000534057617,23.05900001525879,22.940000534057617,23.05900001525879,22.705442428588867,100,0.419365464371527,77.78041740896835,21.95058107119244,21.71175012588501,21.71175012588501,21.71175012588501,65.37408132296247,-21.47291918057758
2022-08-04,23.006000518798828,23.006000518798828,23.006000518798828,23.006000518798828,22.653255462646484,0,0.4482664478820517,74.7049799992661,22.05109720905972,21.79585018157959,21.79585018157959,21.79585018157959,65.6427975722189,-21.54060315409946
2022-08-05,22.8799991607666,23.01499938964844,22.8799991607666,23.01499938964844,22.6621150970459,100,0.4665190776759438,77.9973393879574,22.14289741673484,21.88300018310547,21.88300018310547,21.88300018310547,65.90889778294577,-21.623102949476102
2022-08-08,23.21999931335449,23.21999931335449,23.02400016784668,23.02400016784668,22.67097854614257,100,0.4762211251749946,73.97347422577934,22.22681196445977,21.982050228118897,21.982050228118897,21.982050228118897,66.19091242069757,-21.737288491778024
2022-08-09,22.89200019836425,22.89200019836425,22.89200019836425,22.89200019836425,22.54100227355957,100,0.4678655109756526,69.2010330658495,22.290163224831627,22.0860502243042,22.0860502243042,22.0860502243042,66.46226367344002,-21.88193722377677
2022-08-10,23.36000061035156,23.42799949645996,23.36000061035156,23.42799949645996,23.06878471374512,100,0.4987450676649914,71.5391446849152,22.398528584034327,22.219450187683105,22.219450187683105,22.219450187683105,66.83742895940054,-22.04037179133188
2022-08-11,23.44099998474121,23.44099998474121,23.44099998474121,23.44099998474121,23.08158493041992,100,0.5182918240489869,75.92710589270514,22.49781157457784,22.3552001953125,22.3552001953125,22.3552001953125,67.20821196520284,-22.21258881604716
2022-08-12,23.86000061035156,23.86000061035156,23.86000061035156,23.86000061035156,23.49416160583496,0,0.5611243261187653,78.70449762257373,22.627543863699145,22.49420022964477,22.49420022964477,22.49420022964477,67.6159443229887,-22.36085659559041
2022-08-15,23.98600006103516,23.98600006103516,23.98600006103516,23.98600006103516,23.61822891235352,100,0.5983392132522525,86.46200024092823,22.75692064439781,22.64760026931763,22.64760026931763,22.64760026931763,68.05212118303307,-22.538279894237444
2022-08-16,24.10700035095215,24.10700035095215,24.10700035095215,24.10700035095215,23.73737525939941,100,0.6303299403929259,84.02348053753273,22.885499664069656,22.77765026092529,22.77765026092529,22.77765026092529,68.44080018592024,-22.669800857780928
2022-08-17,23.8799991607666,23.93000030517578,23.8799991607666,23.90699958801269,23.54043960571289,3700,0.6322561764037786,75.47168613061402,22.98278537111185,22.888000202178954,22.888000202178954,22.888000202178954,68.75878577546976,-22.79321503324606
2022-08-18,23.89999961853028,23.89999961853028,23.881999969482425,23.881999969482425,23.51582336425781,300,0.6245658655163808,70.83510201771512,23.06842485667095,22.98305015563965,22.98305015563965,22.98305015563965,69.03452516795025,-22.897675454608347
2022-08-19,23.558000564575195,23.558000564575195,23.558000564575195,23.558000564575195,23.19679069519043,100,0.5855770270733487,64.89321435423064,23.1150511145666,23.07140016555786,23.07140016555786,23.07140016555786,69.25785144568232,-23.02774921654913
2022-08-22,23.1200008392334,23.1200008392334,23.01300048828125,23.01300048828125,22.66014671325684,100,0.5048811842917047,56.64407373618704,23.105332007301325,23.132300186157227,23.132300186157227,23.132300186157227,69.36993237961578,-23.15926836501313
2022-08-23,22.94799995422364,22.94799995422364,22.94799995422364,22.94799995422364,22.59614562988281,100,0.4307190861272261,47.84633148050848,23.090348002246305,23.20510015487671,23.20510015487671,23.20510015487671,69.50054831199972,-23.31985230750712
2022-08-24,23.02300071716309,23.02300071716309,23.02300071716309,23.02300071716309,22.669994354248047,100,0.3736893653937905,50.32705256398502,23.08393397509553,23.24950017929077,23.24950017929077,23.24950017929077,69.58293433367706,-23.41506638348601
2022-08-25,23.299999237060547,23.299999237060547,23.299999237060547,23.299999237060547,22.942745208740234,0,0.346846140020169,54.970348618286806,23.1045116190922,23.288000106811523,23.288000106811523,23.288000106811523,69.68051183271524,-23.47148859453085
2022-08-26,22.542999267578125,22.542999267578125,22.542999267578125,22.542999267578125,22.19735336303711,100,0.261474998472206,43.34715171890903,23.051034252281333,23.270200061798096,23.270200061798096,23.270200061798096,69.59143437587753,-23.48936587131486
2022-08-29,22.367000579833984,22.367000579833984,22.367000579833984,22.367000579833984,22.02405166625977,0,0.1775692230408267,42.8259109691619,22.98588818823873,23.249000072479248,23.249000072479248,23.249000072479248,69.48388833319723,-23.512111956719767
2022-08-30,22.12299919128418,22.12299919128418,22.12299919128418,22.12299919128418,21.78379440307617,100,0.0903430007753378,30.62072942618661,22.903708283766868,23.22410001754761,23.22410001754761,23.22410001754761,69.35190831886209,-23.544491751328344
2022-08-31,22.01499938964844,22.01499938964844,22.01499938964844,22.01499938964844,21.67744827270508,100,0.0123584492884099,29.404958996410585,22.81906934146988,23.171899986267093,23.171899986267093,23.171899986267093,69.16286931400407,-23.52473063106431
2022-09-01,22.07900047302246,22.07900047302246,22.07900047302246,22.07900047302246,21.74046897888184,100,-0.0437758957873377,21.338913161317866,22.748586592093933,23.125549983978274,23.125549983978274,23.125549983978274,68.99968656005048,-23.502513375862616
2022-09-02,21.834999084472656,21.834999084472656,21.834999084472656,21.834999084472656,21.50020980834961,0,-0.1067214234000886,16.651171318228023,22.66157825803477,23.066549968719485,23.066549968719485,23.066549968719485,68.79467819547374,-23.471521679404205
2022-09-06,21.80699920654297,21.80699920654297,21.80699920654297,21.80699920654297,21.472639083862305,100,-0.1570551299013338,13.28225149826018,22.580189776940312,23.0056999206543,23.0056999206543,23.0056999206543,68.59158961824892,-23.43121006436829
2022-09-07,22.285999298095703,22.285999298095703,22.285999298095703,22.285999298095703,21.94429397583008,100,-0.1564897344733005,26.238643842609847,22.552171636097967,22.97539987564087,22.97539987564087,22.97539987564087,68.50297138737972,-23.398628115183776
2022-09-08,22.47599983215332,22.47599983215332,22.47599983215332,22.47599983215332,22.13138198852539,100,-0.1391066642903489,30.34117305071578,22.54491717857943,22.92779989242554,22.92779989242554,22.92779989242554,68.4005169634305,-23.31068260627165
2022-09-09,22.83799934387207,22.83799934387207,22.83799934387207,22.83799934387207,22.487829208374023,100,-0.0950247347017523,40.038727492086096,22.57282976575016,22.89764986038208,22.89764986038208,22.89764986038208,68.36812948651432,-23.22246995501401
2022-09-12,23.049999237060547,23.069000244140625,23.049999237060547,23.069000244140625,22.71529006958008,400,-0.0409772851769894,50.84848036473096,22.62008409702544,22.85809984207153,22.85809984207153,22.85809984207153,68.3362837811685,-23.09611558711763
2022-09-13,22.145000457763672,22.145000457763672,22.145000457763672,22.145000457763672,21.805458068847656,100,-0.0718748243751044,40.34624847799705,22.574838036143365,22.766049861907963,22.766049861907963,22.766049861907963,68.1069377599593,-22.95726168767256
2022-09-14,22.17399978637696,22.17399978637696,22.17399978637696,22.17399978637696,21.83401107788086,100,-0.09294987503268,39.679057242242536,22.53666296473704,22.6693998336792,22.6693998336792,22.6693998336792,67.87546263209543,-22.80213670262136
2022-09-15,21.91699981689453,21.91699981689453,21.91699981689453,21.91699981689453,21.580951690673828,0,-0.128903831090259,33.10531839143454,22.47764742684728,22.56989984512329,22.56989984512329,22.56989984512329,67.61744711709386,-22.662152263399317
2022-09-16,21.68099975585937,21.68099975585937,21.68099975585937,21.68099975585937,21.34857177734375,0,-0.1744301111485455,37.93394554982543,22.401776220086525,22.459849834442142,22.459849834442142,22.459849834442142,67.32147588897081,-22.51792344879776
2022-09-19,21.847999572753903,21.847999572753903,21.847999572753903,21.847999572753903,21.51301002502441,100,-0.1947891188362582,42.71680477934088,22.349035587007226,22.37434978485108,22.37434978485108,22.37434978485108,67.09773515670938,-22.39966398269493
2022-09-20,21.57699966430664,21.57699966430664,21.57699966430664,21.57699966430664,21.24616432189941,0,-0.2301383156319829,42.39555412696349,22.27550835627384,22.302549743652342,22.302549743652342,22.302549743652342,66.88060784357853,-22.329591131030856
2022-09-21,21.2509994506836,21.2509994506836,21.2509994506836,21.2509994506836,20.92516326904297,100,-0.2812166114660037,39.96849470821297,22.17793607955096,22.217699718475345,22.217699718475345,22.217699718475345,66.61333551650165,-22.25746335739973
2022-09-22,21.05900001525879,21.05900001525879,21.05900001525879,21.05900001525879,20.7361068725586,100,-0.3333466658830559,37.04267982426815,22.07137074009456,22.119499683380127,22.119499683380127,22.119499683380127,66.31037010685482,-22.16762862666569
2022-09-23,20.72800064086914,20.72800064086914,20.72800064086914,20.72800064086914,20.41018486022949,100,-0.3967949872051868,36.241626011634736,21.94343073064452,21.99089975357056,21.99089975357056,21.99089975357056,65.92523023778563,-22.03836877649659
2022-09-26,20.790000915527344,20.80599975585937,20.62700080871582,20.62700080871582,20.31072998046875,29000,-0.4500402969346986,35.59571833630352,21.8180564523656,21.89509983062744,21.89509983062744,21.89509983062744,65.60825611362048,-21.97214320888928
2022-09-27,20.527000427246094,20.527000427246094,20.527000427246094,20.527000427246094,20.21226501464844,100,-0.4946052817467468,26.33845414921565,21.69509873568755,21.80309982299805,21.80309982299805,21.80309982299805,65.30129838168364,-21.91110091030854
2022-09-28,21.0,21.0,20.98699951171875,20.98699951171875,20.66521072387696,200,-0.4871892570490033,31.326796900975268,21.627660714357187,21.746299839019777,21.746299839019777,21.746299839019777,65.12026039239674,-21.864938963682366
2022-09-29,20.57299995422364,20.57299995422364,20.57299995422364,20.57299995422364,20.25755882263184,0,-0.5088525726894275,21.9608726491054,21.52721683243971,21.674199867248536,21.674199867248536,21.674199867248536,64.87561656693678,-21.82118290205736
2022-09-30,20.25,20.25,20.25,20.25,19.939512252807617,0,-0.5457927442809343,15.879902042263794,21.40557713411212,21.58274984359741,21.58274984359741,21.58274984359741,64.57107682130695,-21.759922553082703
2022-10-03,20.761999130249023,20.761999130249023,20.761999130249023,20.761999130249023,20.44365882873535,0,-0.5276713783651772,31.40625440744689,21.34428399088706,21.52909984588623,21.52909984588623,21.52909984588623,64.40248368265952,-21.7139157008854
2022-10-04,21.42099952697754,21.42099952697754,21.42099952697754,21.42099952697754,21.09255599975586,100,-0.4548905457478192,41.34282871085683,21.35159023241949,21.50979986190796,21.50979986190796,21.50979986190796,64.37118995623541,-21.668009491396425
2022-10-05,21.25,21.388999938964844,21.25,21.388999938964844,21.06104850769043,100,-0.3952372617352608,43.598444519883344,21.355153061614285,21.464949893951417,21.464949893951417,21.464949893951417,64.28505284951711,-21.57474672628855
2022-10-06,21.309999465942383,21.309999465942383,21.174999237060547,21.174999237060547,20.85032844543457,100,-0.3610675110313401,43.832266668154645,21.337995554513927,21.399899864196776,21.399899864196776,21.399899864196776,64.13779528290748,-21.461804173879624
2022-10-07,20.577999114990234,20.577999114990234,20.577999114990234,20.577999114990234,20.262481689453125,100,-0.3778055507187083,35.988513816079674,21.265614941225955,21.286899852752686,21.286899852752686,21.286899852752686,63.83941464673133,-21.308184764279417
2022-10-10,20.44799995422364,20.44799995422364,20.44799995422364,20.44799995422364,20.134477615356445,100,-0.3969842265381231,37.14415282777343,21.187746847225736,21.155849838256835,21.155849838256835,21.155849838256835,63.49944652373941,-21.123952829287933
2022-10-11,20.308000564575195,20.308000564575195,20.308000564575195,20.308000564575195,19.99662208557129,100,-0.418654260311186,38.78716101439284,21.1039614869733,21.06399984359741,21.06399984359741,21.06399984359741,63.23196117416812,-21.02403820022152
2022-10-12,20.299999237060547,20.299999237060547,20.26300048828125,20.26300048828125,19.952312469482425,200,-0.4344509679538539,40.19221088580858,21.023869963288345,20.968449878692628,20.968449878692628,20.968449878692628,62.9607697206736,-20.91302979409691
2022-10-13,20.72699928283692,20.72699928283692,20.72699928283692,20.72699928283692,20.40919685363769,100,-0.4048621488152797,49.98805346042336,20.995596565150112,20.908949851989743,20.908949851989743,20.908949851989743,62.8134962691296,-20.82230313882938
2022-10-14,20.225000381469727,20.225000381469727,20.225000381469727,20.225000381469727,19.91489601135254,100,-0.4171117083022082,45.6228131095464,20.92220645241865,20.836149883270263,20.836149883270263,20.836149883270263,62.59450621895917,-20.75009331412188
2022-10-17,20.722000122070312,20.722000122070312,20.722000122070312,20.722000122070312,20.404273986816406,100,-0.3823088287833442,51.95429851625013,20.90313918286166,20.779849910736083,20.779849910736083,20.779849910736083,62.46283900433383,-20.656560638610504
2022-10-18,20.924999237060547,20.924999237060547,20.924999237060547,20.924999237060547,20.60416030883789,0,-0.3344911581208194,49.34488223761432,20.905221092785368,20.74724988937378,20.74724988937378,20.74724988937378,62.39972087153293,-20.589278685962192
2022-10-19,20.809999465942383,20.809999465942383,20.753999710083008,20.753999710083008,20.43578338623047,100,-0.3068562939917427,52.01603891352795,20.890819056337524,20.72239990234375,20.72239990234375,20.72239990234375,62.33561886102503,-20.55398074834997
2022-10-20,20.597000122070312,20.597000122070312,20.597000122070312,20.597000122070312,20.281190872192383,0,-0.2942322930028282,54.01342337548652,20.86283630069303,20.699299907684328,20.699299907684328,20.699299907684328,62.26143611606169,-20.535763514675622
2022-10-21,21.07699966430664,21.07699966430664,21.07699966430664,21.07699966430664,20.75383186340332,0,-0.242698057599469,53.67048388752895,20.883232811513373,20.7167498588562,20.7167498588562,20.7167498588562,62.316732529225774,-20.550266906199028
2022-10-24,21.302000045776367,21.302000045776367,21.302000045776367,21.302000045776367,20.97538185119629,0,-0.181607693931447,48.45735484942953,20.92311540525271,20.75049982070923,20.75049982070923,20.75049982070923,62.42411504667117,-20.57788423616575
2022-10-25,21.68600082397461,21.68600082397461,21.68600082397461,21.68600082397461,21.353492736816406,0,-0.1010427293332085,53.52816797373121,20.9957711594167,20.808449840545656,20.808449840545656,20.808449840545656,62.61267084050802,-20.62112852167461
2022-10-26,21.59000015258789,21.59000015258789,21.5,21.5,21.170345306396484,100,-0.0516082190467166,53.88664288979336,21.04379295375797,20.83409986495972,20.83409986495972,20.83409986495972,62.71199268367741,-20.624406776161468
2022-10-27,21.38999938964844,21.38999938964844,21.38999938964844,21.38999938964844,21.06203269958496,100,-0.0210643269808201,60.99081022637267,21.076764995271347,20.87494983673096,20.87494983673096,20.87494983673096,62.82666466873326,-20.673134678190564
2022-10-28,21.916000366210938,21.916000366210938,21.916000366210938,21.916000366210938,21.579967498779297,0,0.0450663139587632,67.94622300505922,21.15669217345607,20.958249855041505,20.958249855041505,20.958249855041505,63.07319188353908,-20.75980753662694
2022-10-31,21.799999237060547,21.799999237060547,21.799999237060547,21.799999237060547,21.465744018554688,100,0.0871108421249715,68.34725378854509,21.21795951284697,21.01014986038208,21.01014986038208,21.01014986038208,63.23825923361113,-20.802340207917187
2022-11-01,21.67300033569336,21.67300033569336,21.67300033569336,21.67300033569336,21.340694427490234,100,0.1089280291304604,66.9961457567918,21.261296734070434,21.02274990081787,21.02274990081787,21.02274990081787,63.30679653570618,-20.784203067565308
2022-11-02,21.540000915527344,21.540000915527344,21.14800071716309,21.14800071716309,20.82374382019043,100,0.0828996103018013,55.00120540456273,21.25050663722212,21.010699939727782,21.010699939727782,21.010699939727782,63.27190651667768,-20.77089324223345
2022-11-03,20.895999908447266,20.895999908447266,20.895999908447266,20.895999908447266,20.57560539245605,100,0.041459620948153,58.47435293981617,21.21674409162452,20.99674997329712,20.99674997329712,20.99674997329712,63.210244038218754,-20.77675585496973
2022-11-04,21.163000106811523,21.163000106811523,21.163000106811523,21.163000106811523,20.83851432800293,100,0.0298190796323503,55.91311006096455,21.21162561688042,21.026000022888184,21.026000022888184,21.026000022888184,63.26362566265679,-20.84037442889595
2022-11-07,21.395999908447266,21.395999908447266,21.395999908447266,21.395999908447266,21.06793975830078,100,0.0389460575965259,56.26496854069414,21.229185073220115,21.073400020599365,21.073400020599365,21.073400020599365,63.375985114418846,-20.91761496797861
2022-11-08,21.54700088500977,21.54700088500977,21.54700088500977,21.54700088500977,21.21662712097168,0,0.0576986560395766,60.60444367359334,21.25945324577151,21.13535003662109,21.13535003662109,21.13535003662109,63.5301533190137,-21.01124682747068
2022-11-09,21.36000061035156,21.36000061035156,21.136999130249023,21.136999130249023,20.812911987304688,100,0.0390266355677262,56.7635039544454,21.247790949055084,21.17904996871948,21.17904996871948,21.17904996871948,63.60589088649405,-21.11030898838388
2022-11-10,22.413000106811523,22.413000106811523,22.413000106811523,22.413000106811523,22.06934928894043,100,0.1257420634073831,63.95152760930488,21.358763249793792,21.263350009918213,21.263350009918213,21.263350009918213,63.88546326963022,-21.167936770042637
2022-11-11,22.64299964904785,22.64299964904785,22.64299964904785,22.64299964904785,22.29582023620605,0,0.2105960850167676,63.989126576455405,21.48107147829418,21.38424997329712,21.38424997329712,21.38424997329712,64.24957142488842,-21.28742846830006
2022-11-14,22.38999938964844,22.38999938964844,22.38999938964844,22.38999938964844,22.04669952392578,0,0.254494843818275,57.55038183741823,21.5676360412803,21.467649936676025,21.467649936676025,21.467649936676025,64.50293591463235,-21.367663832071752
2022-11-15,22.54199981689453,22.54199981689453,22.54199981689453,22.54199981689453,22.19636917114257,100,0.29811362233119,61.25754613403848,21.6604325913388,21.548499965667723,21.548499965667723,21.548499965667723,64.75743252267424,-21.43656733999665
2022-11-16,22.38999938964844,22.38999938964844,22.3700008392334,22.3700008392334,22.027008056640625,100,0.3151698565967606,60.44776696044143,21.72801051970972,21.629300022125243,21.629300022125243,21.629300022125243,64.9866105639602,-21.530589524540773
2022-11-17,22.290000915527344,22.290000915527344,22.200000762939453,22.21699905395508,21.876352310180664,200,0.312736053203178,53.48619791689683,21.77458085630451,21.71029996871948,21.71029996871948,21.71029996871948,65.19518079374348,-21.64601908113445
2022-11-18,22.309999465942383,22.323999404907227,22.309999465942383,22.323999404907227,21.98171043395996,100,0.3158009240881121,56.08170421515651,21.82690643236192,21.77264995574951,21.77264995574951,21.77264995574951,65.37220634386094,-21.71839347913711
2022-11-21,22.26000022888184,22.30299949645996,22.26000022888184,22.30299949645996,21.961030960083008,100,0.3129280989042975,57.49641067587327,21.87224862894268,21.82269992828369,21.82269992828369,21.82269992828369,65.51764848551005,-21.7731512276247
2022-11-22,22.40999984741211,22.530000686645508,22.40999984741211,22.530000686645508,22.184553146362305,100,0.3252195348132112,67.69976314524354,21.93489168205724,21.86489992141724,21.86489992141724,21.86489992141724,65.66469152489171,-21.79490816077724
2022-11-23,22.65999984741211,22.65999984741211,22.650999069213867,22.650999069213867,22.30369758605957,100,0.3407956642935872,73.25731583340121,22.003092385595963,21.92244987487793,21.92244987487793,21.92244987487793,65.84799213535183,-21.841807364159894
2022-11-25,22.670000076293945,22.670000076293945,22.670000076293945,22.670000076293945,22.322406768798828,100,0.3506312231202848,71.375853706311,22.06660740375768,21.986449909210204,21.986449909210204,21.986449909210204,66.03950722217809,-21.906292414662733
2022-11-28,22.440000534057617,22.440000534057617,22.349000930786133,22.349000930786133,22.006328582763672,100,0.3287345784212583,63.18848307118105,22.09350202537944,22.008099937438963,22.008099937438963,22.008099937438963,66.10970190025736,-21.92269784949849
2022-11-29,22.239999771118164,22.261999130249023,22.239999771118164,22.261999130249023,21.9206600189209,100,0.3008925099854878,60.07321971665515,22.109549368700343,22.03119993209839,22.03119993209839,22.03119993209839,66.17194923289712,-21.95285049549643
2022-11-30,22.670000076293945,22.93099975585937,22.670000076293945,22.93099975585937,22.579404830932617,100,0.3290175204051735,73.55565339387962,22.18778273890597,22.094099903106688,22.094099903106688,22.094099903106688,66.37598254511934,-22.00041706730741
2022-12-01,22.93099975585937,22.93099975585937,22.93099975585937,22.93099975585937,22.579404830932617,0,0.3473032975669774,60.22904725351959,22.258565311949145,22.183249855041502,22.183249855041502,22.183249855041502,66.62506502203215,-22.10793439813386
2022-12-02,22.799999237060547,22.8799991607666,22.799999237060547,22.8799991607666,22.529184341430664,100,0.3536034652781765,55.0361041849728,22.317749488027,22.282449817657472,22.282449817657472,22.282449817657472,66.88264912334193,-22.247150147287947
2022-12-05,22.43000030517578,22.4689998626709,22.43000030517578,22.4689998626709,22.124488830566406,100,0.3217235561977993,51.57308568472651,22.33215428561213,22.34774980545044,22.34774980545044,22.34774980545044,67.02765389651302,-22.36334532528875
2022-12-06,22.100000381469727,22.100000381469727,22.020999908447266,22.020999908447266,21.813447952270508,100,0.2573421660549044,40.71964111714651,22.30252053540595,22.37899980545044,22.37899980545044,22.37899980545044,67.06052014630683,-22.45547907549493
2022-12-07,22.01000022888184,22.0310001373291,22.01000022888184,22.0310001373291,21.823352813720703,100,0.2047659707705058,43.59167950248925,22.276661449874823,22.403199768066408,22.403199768066408,22.403199768066408,67.08306098600764,-22.529738086257996
2022-12-08,22.200000762939453,22.214000701904297,22.200000762939453,22.214000701904297,22.00463104248047,100,0.1758386152770938,49.94395610037128,22.270693759591914,22.45704984664917,22.45704984664917,22.45704984664917,67.18479345289026,-22.643405933706426
2022-12-09,22.15999984741211,22.15999984741211,22.02899932861328,22.02899932861328,21.821372985839844,100,0.136412929596343,44.642215043020926,22.247675242355854,22.43784980773926,22.43784980773926,22.43784980773926,67.12337485783436,-22.628024373122663
2022-12-12,22.190000534057617,22.347000122070312,22.170000076293945,22.347000122070312,22.136375427246094,9900,0.129336880981544,50.72132055849578,22.25713475470961,22.42304983139038,22.42304983139038,22.42304983139038,67.10323441749037,-22.588964908071148
2022-12-13,22.93000030517578,22.93000030517578,22.489999771118164,22.52300071716309,22.31071853637696,5800,0.1363589771912288,49.883295110096974,22.28245532256232,22.42969989776612,22.42969989776612,22.42969989776612,67.14185511809455,-22.576944472969902
2022-12-14,22.65999984741211,22.65999984741211,22.42300033569336,22.42300033569336,22.21166038513184,100,0.1323294326548989,46.171956911177816,22.295840561908136,22.42374992370605,22.42374992370605,22.42374992370605,67.14334040932025,-22.551659285503973
2022-12-15,21.82999992370605,21.82999992370605,21.80599975585937,21.80599975585937,21.600475311279297,100,0.0784449348957458,37.91947865890568,22.24918905657016,22.395549869537355,22.395549869537355,22.395549869537355,67.04028879564487,-22.54191068250455
2022-12-16,21.549999237060547,21.6200008392334,21.549999237060547,21.60700035095215,21.403350830078125,400,0.0194591800218084,39.258841213235016,22.188028227463683,22.36504993438721,22.36504993438721,22.36504993438721,66.91812809623809,-22.54207164131073
2022-12-19,21.31999969482422,21.36199951171875,21.299999237060547,21.36199951171875,21.160659790039062,1500,-0.0465207140208008,37.541551572002575,22.109358825964165,22.316949939727785,22.316949939727785,22.316949939727785,66.74325870541973,-22.524541053491404
2022-12-20,21.40900039672852,21.40900039672852,21.40900039672852,21.40900039672852,21.207218170166016,100,-0.0939348542639955,24.548552459008206,22.04265802317982,22.27224998474121,22.27224998474121,22.27224998474121,66.58715799266224,-22.501841946302605
2022-12-21,21.670000076293945,21.670000076293945,21.66900062561035,21.66900062561035,21.46476554870605,100,-0.1092714432700638,30.58466294861502,22.00707160436368,22.22919998168945,22.22919998168945,22.22919998168945,66.46547156774258,-22.451328359015232
2022-12-22,21.100000381469727,21.36100006103516,21.100000381469727,21.36100006103516,21.15966796875,200,-0.1446118763518136,28.34336135523243,21.94554098118953,22.16470003128052,22.16470003128052,22.16470003128052,66.27494104375057,-22.3838590813715
2022-12-23,21.405000686645508,21.43899917602539,21.38999938964844,21.43899917602539,21.2369327545166,300,-0.1644300996348526,33.77443448172667,21.897298904507235,22.10314998626709,22.10314998626709,22.10314998626709,66.10359887704142,-22.309001068026948
2022-12-27,21.42799949645996,21.42799949645996,21.32999992370605,21.367000579833984,21.16561317443848,400,-0.1838268281182067,38.31311010525168,21.8467943021574,22.05404996871948,22.05404996871948,22.05404996871948,65.95489423959637,-22.26130563528157
2022-12-28,21.190000534057617,21.190000534057617,21.09600067138672,21.09600067138672,20.897167205810547,300,-0.2185470288503204,34.717255715959425,21.775290146845908,21.99575004577637,21.99575004577637,21.99575004577637,65.76679023839864,-22.21620994470683
2022-12-29,21.21999931335449,21.51000022888184,21.21999931335449,21.49300003051757,21.290424346923828,700,-0.2115894363439565,38.985638661162255,21.74840537386225,21.92385005950928,21.92385005950928,21.92385005950928,65.59610549288081,-22.0992947451563
2022-12-30,21.30500030517578,21.381999969482425,21.30500030517578,21.381999969482425,21.18047142028809,200,-0.2125817611996794,39.88747899770927,21.713509621064176,21.84640007019043,21.84640007019043,21.84640007019043,65.40630976144504,-21.979290519316685
